CPID;LOC;ChrgSessID;Time;EVID;PluginTime;PlugoutTime;SOCStart;SOCEnd;ChrgTime;MaxChACPower;MaxChDCPower;MaxDischACPower;MaxDischDCPower;SwID;PowerCh
f75f42af-e30d-4c5b-99aa-c7377346e113;P3D1L1;5026458948;20210910T074700;253e48e8-0b37-4dc5-8787-3aa652c23286;20210910T072700;20210910T074700;1.642944;2.091456;00:20:00;1.65;0;0;0;mwgateway-gc-data;0.448512
20210910T072700;1.642944
20210910T073200;1.91328
20210910T073700;1.819584
20210910T074200;1.733568
20210910T074700;2.091456

