CPID;LOC;ChrgSessID;Time;EVID;PluginTime;PlugoutTime;SOCStart;SOCEnd;ChrgTime;MaxChACPower;MaxChDCPower;MaxDischACPower;MaxDischDCPower;SwID;PowerCh
f75f42af-e30d-4c5b-99aa-c7377346e113;P3D1L1;9163404555;20210908T172300;253e48e8-0b37-4dc5-8787-3aa652c23286;20210908T170300;20210908T172300;1.622976;2.091456;00:20:00;1.65;0;0;0;mwgateway-gc-data;0.468480
20210908T170300;1.622976
20210908T170800;1.88256
20210908T171300;1.818048
20210908T171800;1.784256
20210908T172300;2.091456

