HCID;SwID;Time;SetPt;AllowedDev;AST;AET
HeatPump3;SODVIN_v1;20210501T080000;60.0;null;20210401T000000;20210501T000000
20210401T000000;0.00
20210411T200000;0.17993
20210411T210000;0.17993

