CPID;LOC;ChrgSessID;Time;EVID;PluginTime;PlugoutTime;SOCStart;SOCEnd;ChrgTime;MaxChACPower;MaxChDCPower;MaxDischACPower;MaxDischDCPower;SwID;PowerCh
f75f42af-e30d-4c5b-99aa-c7377346e113;P3D1L1;6147441051;20210913T074700;af745b64-6b33-47d8-a6ea-6edb55a1c0c7;20210913T071700;20210913T074700;2.109888;2.091456;00:30:00;1.65;0;0;0;mwgateway-gc-data;-0.018432
20210913T071700;2.109888
20210913T072200;2.122176
20210913T072700;2.103744
20210913T073200;2.100672
20210913T073700;2.0976
20210913T074200;2.099136
20210913T074700;2.091456

