CPID;LOC;ChrgSessID;Time;EVID;PluginTime;PlugoutTime;SOCStart;SOCEnd;ChrgTime;MaxChACPower;MaxChDCPower;MaxDischACPower;MaxDischDCPower;SwID;PowerCh
f75f42af-e30d-4c5b-99aa-c7377346e113;P3D1L1;4235268412;20210820T084100;38e95392-58f2-4acd-be72-5330ffe60b91;20210820T080700;20210820T084100;1.687488;2.091456;00:34:00;1.65;0;0;0;mwgateway-gc-data;0.403968
20210820T080700;1.687488
20210820T080800;1.687488
20210820T081200;1.689024
20210820T081700;2.080704
20210820T082300;2.080704
20210820T084100;1.950144
20210820T084100;1.950144
20210820T084100;1.950144
20210820T084100;1.950144
20210820T084100;1.950144
20210820T084100;1.950144
20210820T084100;1.950144
20210820T084100;1.950144
20210820T084100;1.950144
20210820T084100;1.950144
20210820T084100;1.950144
20210820T084100;2.211264
20210820T084100;2.157504
20210820T084100;2.129856
20210820T084100;2.103744
20210820T084100;2.103744
20210820T084100;2.091456




















