CPID;LOC;ChrgSessID;Time;EVID;PluginTime;PlugoutTime;SOCStart;SOCEnd;ChrgTime;MaxChACPower;MaxChDCPower;MaxDischACPower;MaxDischDCPower;SwID;PowerCh
f75f42af-e30d-4c5b-99aa-c7377346e113;P3D1L1;4197378464;20210729T104800;a334d79f-4004-4e17-b0cf-db25b604e519;20210729T101800;20210729T104800;0.959424;1.616832;00:30:00;1.65;0;0;0;mwgateway-gc-data;0.657408
20210729T101800;0.959424
20210729T102300;1.294272
20210729T102800;1.294272
20210729T103300;1.294272
20210729T103800;1.294272
20210729T104300;1.294272
20210729T104800;1.616832

