HCID;SwID;Time;SetPt;AllowedDev;AST;AET
10_0;FutureHome_v1;20210901T000000;null;null;20210901T000000;20210930T235959
20210901T000742;154.710006713867
20210901T010742;154.710006713867
20210901T020742;154.710006713867
20210901T030742;154.710006713867
20210901T040741;154.710006713867
20210901T050741;154.710006713867
20210901T060741;154.710006713867
20210901T070741;154.710006713867
20210901T080741;154.710006713867
20210901T090741;154.710006713867
20210901T100741;154.710006713867
20210901T110741;154.710006713867
20210901T120741;154.710006713867
20210901T130741;154.710006713867
20210901T140741;154.710006713867
20210901T150741;154.710006713867
20210901T160741;154.710006713867
20210901T170741;154.710006713867
20210901T180741;154.710006713867
20210901T190741;154.710006713867
20210901T200741;154.710006713867
20210901T210741;154.710006713867
20210901T220741;154.710006713867
20210901T230741;154.710006713867
20210902T000741;154.710006713867
20210902T010741;154.710006713867
20210902T020741;154.710006713867
20210902T030741;154.710006713867
20210902T040741;154.710006713867
20210902T050741;154.710006713867
20210902T060741;154.710006713867
20210902T070741;154.710006713867
20210902T080741;154.710006713867
20210902T090741;154.710006713867
20210902T100741;154.710006713867
20210902T110741;154.710006713867
20210902T120741;154.710006713867
20210902T130741;154.710006713867
20210902T140741;154.710006713867
20210902T150741;154.710006713867
20210902T160741;154.710006713867
20210902T170740;154.710006713867
20210902T180740;154.710006713867
20210902T190740;154.710006713867
20210902T200740;154.710006713867
20210902T210740;154.710006713867
20210902T220740;154.710006713867
