SensorID;Time;Type;Unit
9_0;20210901T000000;TMP;C
20210901T045136;24.3999996185303
20210902T171613;25.5
20210903T044402;24.5
20210904T051007;23.5
20210904T173910;24.5
20210905T062236;23.5
20210908T165853;24.6000003814697
20210912T074425;23.6000003814697
20210913T172923;24.6000003814697
20210914T012323;23.6000003814697
20210916T070200;22.6000003814697
20210917T051943;21.6000003814697
20210919T002637;20.6000003814697
20210921T174030;21.6000003814697
20210923T171624;22.7000007629395
20210924T031502;21.7000007629395
20210925T171109;22.7000007629395
20210926T011022;21.7000007629395
20210928T202029;22.7999992370605
20210928T212022;23.7999992370605
20210929T024458;24.7999992370605
20210929T030445;23.7999992370605
20210929T041934;24.7999992370605
20210929T044932;23.7000007629395
20210929T060422;24.7999992370605
20210929T063417;23.7000007629395
20210929T140327;24.7000007629395
20210929T144821;23.6000003814697
20210929T170310;24.6000003814697
20210929T174803;23.6000003814697
20210929T190253;24.6000003814697
20210929T194746;23.5
20210929T233214;24.7000007629395
20210930T001702;23.7000007629395
20210930T020138;24.7000007629395
20210930T023134;23.7000007629395
20210930T041611;24.7000007629395
20210930T050103;23.6000003814697
20210930T054551;24.6000003814697
20210930T063044;23.6000003814697
20210930T073033;24.6000003814697
20210930T080029;23.6000003814697
20210930T194326;24.6000003814697
20210930T202820;23.6000003814697
