SensorID;Time;Type;Unit
10_0;20210501T000000;TMP;C
20210502T161915;23.8999996185303
20210503T052637;22.8999996185303
20210503T143237;24.0
20210504T000818;23.0
20210506T183244;24.2000007629395
20210507T005119;23.2000007629395
20210508T131313;24.2000007629395
20210508T151418;25.2000007629395
20210508T204724;24.2000007629395
20210509T043707;23.2000007629395
20210509T201708;24.8999996185303
20210510T020517;23.8999996185303
20210510T022025;24.8999996185303
20210510T040131;23.7999992370605
20210510T042129;25.0
20210510T050646;24.0
20210510T053702;25.3999996185303
20210510T060719;24.3999996185303
20210510T063734;25.3999996185303
20210510T072257;24.3999996185303
20210510T075310;25.6000003814697
20210510T095425;24.5
20210511T130844;25.5
20210512T002950;24.5
20210512T030115;25.5
20210512T172352;24.3999996185303
20210513T201949;25.3999996185303
20210514T062945;24.3999996185303
20210514T183615;25.3999996185303
20210515T022511;24.3999996185303
20210515T211918;25.3999996185303
20210516T015122;24.3999996185303
20210516T175949;25.3999996185303
20210516T233729;24.3999996185303
20210517T075154;23.3999996185303
20210518T155341;20.2000007629395
20210518T160852;17.7999992370605
20210518T162404;19.7000007629395
20210518T163914;22.6000003814697
20210518T195601;23.7000007629395
20210521T144726;24.7000007629395
20210522T051007;23.7000007629395
20210522T135941;25.2000007629395
20210522T194239;24.2000007629395
20210524T165629;25.2000007629395
20210524T232956;24.2000007629395
20210527T045748;23.2000007629395
20210527T153353;24.2999992370605
20210528T161659;25.2999992370605
20210529T152839;26.2999992370605
20210530T020353;25.2999992370605
20210531T113525;26.2999992370605
20210531T185340;25.2999992370605
20210531T193859;26.2999992370605
20210531T222512;27.2999992370605
