SensorID;Time;Type;Unit
15_0;20210203T114848;TMP;C
20210204T010439;21.7000007629395
20210204T043703;20.7000007629395
20210204T065336;21.7000007629395
20210204T080922;22.8999996185303
20210205T004905;21.8999996185303
20210205T030519;20.8999996185303
20210205T070756;22.2999992370605
20210206T030456;21.2999992370605
20210206T063728;20.2999992370605
20210206T073808;21.7999992370605
20210206T085353;22.8999996185303
20210206T174415;21.8999996185303
20210207T035047;20.8999996185303
20210207T073824;21.8999996185303
20210207T090920;23.0
20210207T140734;22.0
20210208T025017;21.0
20210208T072326;22.3999996185303
20210209T012853;21.3999996185303
20210209T055116;20.3999996185303
20210209T065155;22.0
20210209T093836;23.0
20210209T134107;22.0
20210210T030427;21.0
20210210T065713;22.1000003814697
20210210T092328;23.1000003814697
20210210T110928;22.1000003814697
20210211T023320;21.1000003814697
20210211T072117;22.6000003814697
20210212T010200;21.6000003814697
20210212T043419;20.6000003814697
20210212T065047;21.7999992370605
20210212T082138;22.8999996185303
20210212T130930;21.8999996185303
20210213T041915;20.8999996185303
20210213T073628;21.8999996185303
20210213T085215;23.0
20210213T172736;22.0
20210214T050445;21.0
20210214T073620;22.1000003814697
20210214T100728;23.1000003814697
20210214T205812;22.1000003814697
20210215T033651;21.1000003814697
20210215T064834;22.2000007629395
20210216T032944;21.2000007629395
20210216T073204;22.6000003814697
20210217T015719;21.6000003814697
20210217T073041;22.7000007629395
20210218T014154;21.7000007629395
20210218T081115;22.8999996185303
20210219T005540;21.8999996185303
20210219T051315;20.8999996185303
20210219T071428;22.1000003814697
20210220T062756;21.1000003814697
20210220T072831;22.1000003814697
20210221T055629;21.1000003814697
20210221T075743;22.1000003814697
20210222T062529;21.1000003814697
20210222T064027;22.1000003814697
20210228T011742;22.5
20210228T011743;22.5
20210228T011744;22.5
20210228T011744;23.1000003814697
20210228T060036;22.1000003814697
20210228T115024;23.2000007629395
20210228T125057;24.2000007629395
20210228T152214;25.2000007629395
20210228T182346;24.2000007629395
