SensorID;Time;Type;Unit
7_0;20210701T000000;TMP;C
20210702T124142;25.2999992370605
20210703T204127;26.2999992370605
20210707T001314;25.2999992370605
20210709T224316;24.2999992370605
20210710T172028;25.2999992370605
20210715T143257;26.2999992370605
20210716T054339;25.2999992370605
20210716T164805;26.2999992370605
20210719T032606;25.2999992370605
20210720T201211;26.2999992370605
20210721T005359;25.2999992370605
20210721T043024;24.2999992370605
20210721T150448;25.3999996185303
20210722T155839;26.3999996185303
20210723T051806;25.3999996185303
20210723T173736;26.3999996185303
20210723T233957;25.2000007629395
20210724T124506;26.2000007629395
20210725T142548;27.2000007629395
20210727T071102;26.2000007629395
20210727T200045;24.8999996185303
20210730T035304;23.8999996185303
20210730T184358;24.8999996185303
