SensorID;Time;Type;Unit
25_0;20210701T000000;TMP;C
20210702T124648;26.7999992370605
20210705T133525;27.7999992370605
20210721T055954;26.7999992370605
20210722T220459;27.7999992370605
20210727T110933;26.7999992370605
20210727T110934;26.7999992370605
