SensorID;Time;Type;Unit
25_0;20211101T000000;TMP;C
20211101T164102;26.2999992370605
20211101T185531;25.2999992370605
20211106T091838;24.2999992370605
20211106T091838;24.2999992370605
20211106T091838;24.2999992370605
20211106T091838;24.2999992370605
20211106T114803;25.5
20211106T114803;25.5
20211106T130245;24.5
20211109T050613;23.5
20211110T123155;24.6000003814697
20211111T081350;23.6000003814697
20211111T081350;23.6000003814697
20211111T081351;23.6000003814697
20211111T104329;24.6000003814697
20211111T104329;24.6000003814697
20211111T104329;24.6000003814697
20211111T104329;24.6000003814697
20211113T055110;23.6000003814697
20211113T055110;23.6000003814697
20211113T055110;23.6000003814697
20211117T125605;24.6000003814697
20211117T160324;23.6000003814697
20211120T140604;23.6000003814697
20211121T124753;24.7000007629395
20211121T141738;23.7000007629395
20211123T092312;23.6000003814697
20211123T092313;23.7000007629395
20211127T072017;22.7000007629395
20211127T072017;22.7000007629395
20211127T072018;22.7000007629395
20211127T072018;22.7000007629395
20211127T122001;24.1000003814697
20211127T122001;24.1000003814697
20211127T144949;23.1000003814697
20211127T144950;23.1000003814697
20211127T144950;23.1000003814697
20211127T144950;23.1000003814697
20211130T060322;22.1000003814697
