SensorID;Time;Type;Unit
14_0;20210801T000000;TMP;C
20210802T042057;23.6000003814697
20210812T124444;24.6000003814697
20210815T054212;23.6000003814697
20210829T154306;24.7000007629395
20210829T154307;24.7000007629395
