SensorID;Time;Type;Unit
13_0;20210401T000000;TMP;C
20210401T032908;22.3999996185303
20210401T032908;22.3999996185303
20210401T032908;22.3999996185303
20210406T075117;21.3999996185303
20210406T080617;22.7999992370605
20210406T083619;21.7999992370605
20210406T085129;23.1000003814697
20210406T095121;22.0
20210410T102653;23.1000003814697
20210410T195721;22.1000003814697
20210414T104752;23.1000003814697
20210414T153259;22.1000003814697
20210415T193426;23.1000003814697
20210415T223440;22.1000003814697
20210416T182100;23.1000003814697
20210417T000613;22.1000003814697
20210417T103638;23.1000003814697
20210417T200646;24.1000003814697
20210418T005146;23.1000003814697
20210419T100711;24.1000003814697
20210419T142715;23.1000003814697
20210419T170704;24.1000003814697
20210420T063645;23.1000003814697
20210420T093634;24.1000003814697
20210421T033539;23.1000003814697
20210422T040602;22.1000003814697
20210422T100631;23.1000003814697
20210424T224831;22.1000003814697
20210426T185643;23.1000003814697
20210426T221156;22.1000003814697
20210430T190257;23.1000003814697
