SensorID;Time;Type;Unit
14_0;20211101T000000;TMP;C
20211101T100838;26.3999996185303
20211101T100839;26.3999996185303
20211101T102347;23.3999996185303
20211101T103858;22.2999992370605
20211101T111940;21.2999992370605
20211104T083858;20.2999992370605
