SensorID;Time;Type;Unit
17_0;20210301T000000;TMP;C
20210304T094543;18.6000003814697
20210307T143423;17.6000003814697
20210308T002521;18.6000003814697
20210312T060943;19.6000003814697
20210315T123950;18.6000003814697
20210321T051208;19.6000003814697
20210321T202021;18.6000003814697
20210322T143054;19.6000003814697
20210325T030218;20.6000003814697
20210326T104811;19.6000003814697
20210327T071348;20.6000003814697
20210328T111300;19.6000003814697
20210328T124353;20.7999992370605
20210328T131408;21.8999996185303
20210328T174128;20.6000003814697
20210328T184653;19.6000003814697
20210329T234738;20.8999996185303
20210330T231436;21.8999996185303
20210331T093437;20.8999996185303
