SensorID;Time;Type;Unit
13_0;20211001T000000;TMP;C
20211002T114456;22.6000003814697
20211003T090309;21.6000003814697
20211003T123617;22.6000003814697
20211009T174411;23.6000003814697
20211011T042742;22.6000003814697
20211012T065132;21.6000003814697
20211012T154451;22.6000003814697
20211013T045709;21.6000003814697
20211014T095448;20.6000003814697
20211014T164643;21.6000003814697
20211015T095811;20.6000003814697
20211016T003235;19.6000003814697
20211017T054744;18.6000003814697
20211017T141155;20.2999992370605
20211017T155832;21.2999992370605
20211018T030915;20.2000007629395
20211019T141433;19.2000007629395
20211021T124644;20.2000007629395
20211025T142518;21.5
20211025T172801;20.5
20211026T143318;21.5
20211027T061831;20.5
20211027T134036;21.5
20211030T141624;22.5
20211031T071708;21.5
