SensorID;Time;Type;Unit
9_0;20210601T000000;TMP;C
20210601T190936;27.3999996185303
20210602T040754;26.3999996185303
20210602T183523;27.3999996185303
20210603T044839;26.3999996185303
20210603T191648;27.5
20210604T031034;26.5
20210604T182800;27.5
20210605T022628;26.5
20210605T180905;27.5
20210606T023736;26.5
20210608T032856;25.5
20210608T174129;26.5
20210609T045507;25.5
20210609T175306;26.6000003814697
20210610T095003;25.6000003814697
20210610T183338;26.6000003814697
20210611T074605;25.6000003814697
20210612T192515;26.6000003814697
20210612T222445;25.6000003814697
20210613T050828;24.6000003814697
20210614T200257;25.6000003814697
20210615T001714;24.6000003814697
20210615T191430;25.6000003814697
20210616T074236;24.6000003814697
20210622T093714;23.6000003814697
20210623T160247;24.7999992370605
20210623T173237;25.8999996185303
20210623T181732;26.8999996185303
20210623T215656;25.7999992370605
20210624T031556;24.7999992370605
20210624T162922;25.8999996185303
20210624T172912;26.8999996185303
20210624T205837;25.8999996185303
20210625T024240;24.8999996185303
20210625T181007;26.5
20210625T185458;27.5
20210625T220918;26.2999992370605
20210626T020838;25.2999992370605
20210626T160633;26.2999992370605
20210626T170617;27.3999996185303
20210626T193548;26.2999992370605
20210627T002000;25.2999992370605
20210627T221644;24.2999992370605
20210628T162903;25.3999996185303
20210628T172851;26.5
20210628T184334;27.5
20210628T214301;26.5
20210628T234246;25.5
20210629T062659;24.5
20210629T165529;25.7999992370605
20210629T174018;26.7999992370605
20210629T190959;27.7999992370605
20210629T210930;26.7999992370605
20210629T230911;25.7999992370605
20210630T053809;24.7999992370605
20210630T155136;25.7999992370605
20210630T170623;26.7999992370605
20210630T182109;27.8999996185303
20210630T223511;26.7999992370605
