SensorID;Time;Type;Unit
13_0;20210701T000000;TMP;C
20210703T130954;25.1000003814697
20210704T134355;26.2999992370605
20210705T032430;25.2999992370605
20210705T195238;26.2999992370605
20210707T004530;25.2999992370605
20210711T053349;24.2999992370605
20210714T142223;25.2999992370605
20210725T192318;26.2999992370605
20210729T041731;25.2999992370605
