SensorID;Time;Type;Unit
25_0;20210401T000000;TMP;C
20210407T063918;24.2999992370605
20210407T110915;25.5
20210408T050758;24.5
20210408T113733;25.7999992370605
20210408T130724;24.7999992370605
20210409T110554;25.7999992370605
20210409T122050;24.7999992370605
20210414T154916;26.0
20210414T170411;25.0
20210418T090326;26.0
20210418T090327;26.0
20210421T202603;27.5
20210421T225550;26.5
20210424T093617;25.5
20210425T184858;26.7000007629395
20210425T184858;26.7000007629395
20210425T184858;26.7000007629395
20210425T184858;26.7000007629395
20210425T200352;25.7000007629395
20210429T081430;24.7000007629395
