SensorID;Time;Type;Unit
11_0;20210301T000000;TMP;C
20210301T052246;21.7000007629395
20210304T060833;20.7000007629395
20210304T143012;21.7000007629395
20210305T131823;21.7000007629395
20210306T115055;20.7000007629395
20210307T125538;21.7000007629395
20210308T022040;20.7000007629395
20210314T122407;21.7000007629395
20210317T074535;20.7000007629395
20210322T194315;21.7000007629395
20210329T065330;20.7000007629395
20210330T144813;21.7000007629395
