SensorID;Time;Type;Unit
13_0;20210501T000000;TMP;C
20210502T010136;19.7999992370605
20210502T141525;21.1000003814697
20210504T053444;20.1000003814697
20210506T224718;21.1000003814697
20210508T080653;20.1000003814697
20210511T203332;21.1000003814697
20210513T164430;22.1000003814697
20210521T150404;23.1000003814697
20210523T072447;22.1000003814697
20210528T161256;23.1000003814697
20210530T222023;24.1000003814697
20210531T213919;25.1000003814697
