SensorID;Time;Type;Unit
9_0;20210701T000000;TMP;C
20210701T075638;25.2000007629395
20210701T125755;26.2000007629395
20210702T043155;25.2000007629395
20210702T154950;26.2000007629395
20210703T123912;27.2000007629395
20210703T231039;26.0
20210704T175910;27.2999992370605
20210707T173837;25.8999996185303
20210708T181323;24.7999992370605
20210709T132750;25.7999992370605
20210710T235239;24.7999992370605
20210713T115100;25.7999992370605
20210714T112338;26.7999992370605
20210717T143219;27.7999992370605
20210718T073350;26.7999992370605
20210718T180526;25.7999992370605
20210719T221049;24.7000007629395
20210720T144421;25.7000007629395
20210722T225532;24.7000007629395
20210723T011059;25.7000007629395
20210723T162847;26.7000007629395
20210724T163200;27.7000007629395
20210725T044844;26.7000007629395
20210725T142005;27.7999992370605
20210726T022120;26.7999992370605
20210728T161341;25.7999992370605
20210730T050504;24.7999992370605
20210730T153734;25.7999992370605
20210730T232401;26.8999996185303
20210730T235404;28.0
20210731T002407;26.8999996185303
20210731T015419;25.8999996185303
