SensorID;Time;Type;Unit
25_0;20211001T000000;TMP;C
20211001T151317;26.5
20211001T171253;25.5
20211009T104709;26.7000007629395
20211009T120147;25.7000007629395
20211016T223539;24.7000007629395
20211018T122918;25.8999996185303
20211018T145848;24.8999996185303
20211027T133659;26.1000003814697
20211027T133659;26.1000003814697
20211027T133659;26.1000003814697
20211027T133659;26.1000003814697
20211027T133700;26.1000003814697
20211027T155127;25.1000003814697
20211031T103204;26.2000007629395
20211031T211443;25.2000007629395
