SensorID;Time;Type;Unit
14_0;20210501T000000;TMP;C
20210502T142201;20.7999992370605
20210505T000320;19.7999992370605
20210506T220601;20.8999996185303
20210507T024033;19.8999996185303
20210511T232601;20.8999996185303
20210513T172212;21.8999996185303
20210521T140735;23.0
20210522T043534;22.0
20210522T203451;23.0
20210524T023045;22.0
20210528T162453;23.1000003814697
20210531T152511;24.1000003814697
