SensorID;Time;Type;Unit
13_0;20210801T000000;TMP;C
20210801T172427;24.2999992370605
20210803T041850;23.2000007629395
20210808T132812;24.2000007629395
20210819T075636;23.2000007629395
20210824T181502;24.2000007629395
20210827T082256;23.2000007629395
20210829T152544;24.3999996185303
20210829T155609;25.6000003814697
20210829T223128;24.6000003814697
