SensorID;Time;Type;Unit
13_0;20210301T000000;TMP;C
20210303T120631;22.0
20210314T154944;23.3999996185303
20210315T061957;22.3999996185303
20210330T104331;23.3999996185303
