SensorID;Time;Type;Unit
13_0;20210501T000000;TMP;C
20210501T050317;22.1000003814697
20210501T091833;23.2000007629395
20210502T031905;22.2000007629395
20210502T092944;23.2999992370605
20210504T022110;22.2999992370605
20210505T032249;21.2999992370605
20210507T101348;22.2999992370605
20210507T131403;21.2999992370605
20210508T080026;22.2999992370605
20210508T100018;23.2999992370605
20210508T131517;22.2000007629395
20210509T193238;21.2000007629395
20210509T193238;21.2000007629395
20210509T193238;21.2000007629395
20210509T193238;21.2000007629395
20210512T200712;22.2000007629395
20210513T040720;21.2000007629395
20210514T121825;22.2000007629395
20210519T181848;23.2000007629395
20210521T092445;22.2000007629395
20210521T204034;23.2999992370605
20210522T064035;22.2999992370605
20210526T061211;21.2999992370605
20210526T061211;21.2999992370605
20210526T061211;21.2999992370605
20210527T074355;22.2999992370605
20210527T171412;23.2999992370605
20210528T084410;24.3999996185303
20210528T135852;23.3999996185303
20210528T211337;24.3999996185303
20210529T044337;23.3999996185303
20210529T074320;24.5
20210529T091312;25.5
20210529T125305;24.5
20210529T184234;25.5
20210530T044143;24.5
20210530T072634;25.5
20210530T084137;26.5
20210530T142547;25.5
20210530T184024;26.6000003814697
20210531T031924;25.6000003814697
20210531T082348;26.6000003814697
20210531T093836;27.6000003814697
20210531T123822;26.6000003814697
