SensorID;Time;Type;Unit
28_0;20210501T000000;TMP;C
20210508T153552;21.2000007629395
20210512T055331;22.5
20210512T072436;21.5
20210517T215136;22.5
20210518T153248;24.0
20210518T154757;22.8999996185303
20210518T161816;21.2999992370605
20210518T215153;22.2999992370605
20210529T171746;23.6000003814697
20210529T231133;22.6000003814697
20210530T125521;23.8999996185303
20210530T145633;24.8999996185303
20210530T234658;23.8999996185303
