SensorID;Time;Type;Unit
9_0;20211101T000000;TMP;C
20211101T030945;24.8999996185303
20211101T035439;23.7999992370605
20211108T085336;22.7999992370605
20211108T222633;21.7999992370605
20211109T042559;20.7999992370605
20211111T020658;19.7999992370605
20211114T230210;18.7999992370605
20211118T011319;17.7999992370605
20211121T043646;16.7999992370605
20211122T013804;15.8000001907349
20211122T152927;16.7999992370605
20211122T172937;18.2000007629395
20211122T184437;19.2999992370605
20211122T202928;20.2999992370605
20211123T022859;21.2999992370605
20211123T141257;22.2999992370605
20211123T222655;23.2999992370605
20211124T183831;24.3999996185303
20211124T225238;23.3999996185303
20211125T005214;22.3999996185303
20211125T204850;23.5
20211126T003257;24.5
20211127T193853;25.5
20211129T094527;24.5
