SensorID;Time;Type;Unit
7_0;20211001T000000;TMP;C
20211001T014641;20.7999992370605
20211001T143750;22.2000007629395
20211001T192451;23.2000007629395
20211002T024809;22.2000007629395
20211002T191614;23.2000007629395
20211002T223732;22.2000007629395
20211003T142917;23.2000007629395
20211003T231757;22.2000007629395
20211004T132413;23.2999992370605
20211004T221231;22.2999992370605
20211005T165153;23.2999992370605
20211005T222418;22.2999992370605
20211006T062750;21.2999992370605
20211006T193350;22.5
20211006T222001;21.5
20211007T180027;22.6000003814697
20211007T230237;21.6000003814697
20211007T233252;22.7000007629395
20211008T001816;21.7000007629395
20211008T154111;22.7000007629395
20211008T181222;23.7000007629395
20211008T205837;22.5
20211009T142208;21.5
20211009T170335;22.5
20211010T064433;21.5
20211010T173524;22.5
20211011T032533;21.5
20211011T180325;22.6000003814697
20211011T180325;22.6000003814697
20211011T223548;21.6000003814697
20211012T132856;20.6000003814697
20211017T054946;19.6000003814697
20211018T234536;20.6000003814697
20211019T003103;19.5
20211019T112301;18.5
20211019T172228;19.5
20211019T175740;20.7000007629395
20211019T223018;19.7000007629395
20211020T165600;21.0
20211020T184141;22.1000003814697
20211020T222818;21.1000003814697
20211021T152226;22.1000003814697
20211021T224122;21.1000003814697
20211022T190724;22.1000003814697
20211022T220904;21.1000003814697
20211023T075949;20.1000003814697
20211023T180513;21.1000003814697
20211026T152021;22.1000003814697
20211026T224326;21.1000003814697
20211027T173817;22.1000003814697
20211031T202721;21.1000003814697
