SensorID;Time;Type;Unit
28_0;20211001T000000;TMP;C
20211006T175526;21.7999992370605
20211009T203314;22.7999992370605
20211010T153125;21.7999992370605
20211010T235217;22.7999992370605
20211011T163408;21.7999992370605
20211013T172452;22.7999992370605
20211013T181025;21.7999992370605
20211014T034737;20.7999992370605
20211017T203951;19.7999992370605
20211020T180049;22.0
20211020T180049;22.0
20211020T184618;23.0
20211020T203220;24.0
20211021T020526;25.2000007629395
20211021T184422;24.2000007629395
20211021T194457;23.2000007629395
20211021T230200;22.2000007629395
20211024T061453;20.2000007629395
20211025T173247;21.2000007629395
20211025T191901;23.0
20211025T194921;21.7000007629395
20211025T200121;22.7999992370605
20211025T210511;21.7999992370605
20211025T212020;23.2000007629395
20211025T215040;22.2000007629395
20211025T220550;23.5
20211025T223609;22.3999996185303
20211025T225118;23.7999992370605
20211025T232137;22.6000003814697
20211026T030556;21.6000003814697
20211026T032416;23.3999996185303
20211026T035434;22.2999992370605
20211026T040944;23.7000007629395
20211026T044002;22.6000003814697
20211026T063811;21.6000003814697
20211026T065631;23.2000007629395
20211026T072651;22.0
20211027T031105;21.0
20211028T215536;22.0
