SensorID;Time;Type;Unit
7_0;20210601T000000;TMP;C
20210601T044635;24.7999992370605
20210601T155210;25.7999992370605
20210603T044113;24.7999992370605
20210603T130028;25.7999992370605
20210604T131239;26.7999992370605
20210604T230143;25.7999992370605
20210605T123841;26.7999992370605
20210606T033101;25.7999992370605
20210609T071644;24.7999992370605
20210613T045407;23.7999992370605
20210615T043019;22.7999992370605
20210615T043019;22.7999992370605
20210615T165641;24.0
20210617T124940;25.0
20210621T062222;24.0
20210626T140733;25.5
20210629T225707;24.2999992370605
