SensorID;Time;Type;Unit
25_0;20210601T000000;TMP;C
20210601T132709;27.5
20210607T150256;28.5
20210607T180216;27.5
20210613T224923;28.6000003814697
20210614T010400;27.6000003814697
20210615T091507;26.6000003814697
20210621T185312;25.6000003814697
20210622T162005;26.6000003814697
20210630T052340;25.6000003814697
20210630T052340;25.6000003814697
20210630T052340;25.6000003814697
20210630T052340;25.6000003814697
