SensorID;Time;Type;Unit
25_0;20210301T000000;TMP;C
20210301T085205;25.6000003814697
20210301T102159;24.6000003814697
20210302T092016;25.7999992370605
20210302T112005;24.7999992370605
20210303T100255;25.8999996185303
20210303T125459;24.8999996185303
20210303T164658;26.2000007629395
20210303T213125;25.2000007629395
20210311T055016;24.2000007629395
20210311T120455;25.2000007629395
20210311T173438;24.2000007629395
20210315T113024;25.6000003814697
20210317T052744;24.6000003814697
20210317T104235;25.7999992370605
20210317T104235;25.7999992370605
20210317T104235;25.7999992370605
20210317T104236;25.7999992370605
20210317T104236;25.7999992370605
20210317T104236;25.7999992370605
20210317T141219;27.2000007629395
20210317T144216;26.2000007629395
20210317T192653;25.2000007629395
20210321T073823;24.2000007629395
20210321T092319;25.2000007629395
20210322T072129;24.2000007629395
20210322T120607;25.2999992370605
20210327T203903;26.2999992370605
20210327T215355;25.2999992370605
