SensorID;Time;Type;Unit
13_0;20210301T000000;TMP;C
20210301T010752;21.7000007629395
20210302T031757;20.7000007629395
20210302T131224;21.7000007629395
20210303T074455;20.7000007629395
20210305T115017;20.7000007629395
20210306T082450;19.7000007629395
20210307T122256;20.7000007629395
20210307T133911;21.7999992370605
20210307T220208;20.7999992370605
20210308T055455;19.7999992370605
20210308T131729;20.7999992370605
20210309T070552;19.7999992370605
20210309T152928;20.8999996185303
20210310T100308;19.8999996185303
20210312T142633;20.8999996185303
20210314T063536;19.7999992370605
20210314T114035;20.8999996185303
20210314T134230;22.0
20210315T002222;21.0
20210317T083731;20.0
20210317T192806;21.0
20210318T070949;20.0
20210320T215702;21.0
20210321T053423;20.0
20210321T142800;21.0
20210324T152309;22.0
20210325T070713;21.0
20210328T074514;20.0
20210328T143657;21.0
20210330T163420;22.0
20210331T233639;21.0
