SensorID;Time;Type;Unit
28_0;20210701T000000;TMP;C
20210702T205037;24.8999996185303
20210703T160204;25.8999996185303
20210703T220539;24.8999996185303
20210704T033909;23.8999996185303
20210704T065627;24.8999996185303
20210705T190243;25.8999996185303
20210707T010457;24.8999996185303
20210707T122636;25.8999996185303
20210707T190022;24.8999996185303
20210715T120019;26.1000003814697
20210715T134613;27.3999996185303
20210715T160219;26.3999996185303
20210716T000634;25.3999996185303
20210716T115835;24.2000007629395
20210716T141456;25.2999992370605
20210719T043351;24.2999992370605
20210719T125311;25.5
20210719T142404;26.7000007629395
20210719T155435;25.7000007629395
20210720T022950;24.7000007629395
20210720T140540;26.1000003814697
20210720T152114;25.1000003814697
20210721T011106;24.1000003814697
20210721T143309;25.1000003814697
20210724T023502;24.1000003814697
20210724T083834;25.1000003814697
20210724T154229;26.2000007629395
20210724T220101;25.1000003814697
20210725T031903;24.1000003814697
20210725T075149;23.1000003814697
20210725T110848;24.1000003814697
20210725T135522;25.1000003814697
20210726T142320;26.1000003814697
20210728T002655;25.0
20210728T145022;26.0
20210729T042817;25.0
