SensorID;Time;Type;Unit
10_0;20210601T000000;TMP;C
20210601T003833;26.6000003814697
20210601T023803;25.6000003814697
20210601T105115;26.6000003814697
20210602T024740;25.6000003814697
20210602T151516;26.6000003814697
20210603T022746;25.6000003814697
20210603T111100;26.6000003814697
20210604T050623;25.6000003814697
20210604T114951;26.6000003814697
20210604T173317;27.6000003814697
20210604T230147;26.6000003814697
20210607T051842;25.6000003814697
20210607T101729;26.6000003814697
20210607T124644;27.6000003814697
20210607T180009;26.5
20210607T231352;25.5
20210608T095613;26.6000003814697
20210608T142447;27.6000003814697
20210608T172344;26.5
20210609T013619;25.5
20210609T045028;24.5
20210609T100406;25.5
20210609T111348;26.5
20210609T144745;27.5
20210609T234547;26.5
20210610T020018;25.5
20210610T104335;26.6000003814697
20210611T030941;25.6000003814697
20210611T105303;26.6000003814697
20210611T153159;25.6000003814697
20210611T195107;26.6000003814697
20210611T222033;25.6000003814697
20210612T071829;24.6000003814697
20210612T131711;25.6000003814697
20210612T150146;26.6000003814697
20210613T014419;25.6000003814697
20210613T055331;24.5
20210613T125720;25.5
20210613T145658;26.5
20210614T030945;25.5
20210614T092341;26.5
20210614T145241;25.5
20210615T002113;26.5
20210615T023553;25.3999996185303
20210615T121936;26.3999996185303
20210615T180331;25.3999996185303
20210616T130005;26.3999996185303
20210617T011239;25.2999992370605
20210617T110604;26.2999992370605
20210617T134028;27.2999992370605
20210618T010251;26.2999992370605
20210618T030724;25.2999992370605
20210618T102050;26.2999992370605
20210618T140455;27.2999992370605
20210618T171907;26.2999992370605
20210618T230250;25.2999992370605
20210619T152904;26.2999992370605
20210619T175831;25.2999992370605
20210620T193758;24.2999992370605
20210620T222219;25.2999992370605
20210621T035058;24.2999992370605
20210621T084948;25.2999992370605
20210622T041459;24.2999992370605
20210622T214116;24.2999992370605
20210623T102332;25.2999992370605
20210623T130751;26.2999992370605
20210624T013438;25.2999992370605
20210624T013438;25.2999992370605
20210624T013438;25.2999992370605
20210624T013439;25.2999992370605
20210624T013439;25.2999992370605
20210624T013439;25.2999992370605
20210624T043854;24.2999992370605
20210624T100234;25.3999996185303
