SensorID;Time;Type;Unit
11_0;20210801T000000;TMP;C
20210802T040125;24.6000003814697
20210809T171055;28.2000007629395
20210809T171056;28.2000007629395
20210809T172601;26.0
20210809T175615;25.0
20210814T094639;24.0
