SensorID;Time;Type;Unit
14_0;20211001T000000;TMP;C
20211002T121015;22.7999992370605
20211003T050849;21.7999992370605
20211007T224457;22.7999992370605
20211008T120102;21.7999992370605
20211009T104446;22.7999992370605
20211010T041347;21.7999992370605
20211014T055149;20.7999992370605
20211016T032810;19.7999992370605
20211017T145157;20.7999992370605
20211018T070655;19.7999992370605
20211023T195434;20.8999996185303
20211030T130119;21.8999996185303
