SensorID;Time;Type;Unit
12_0;20211101T000000;TMP;C
20211101T051335;22.5
20211101T054343;23.8999996185303
20211101T061352;22.8999996185303
20211101T064401;24.1000003814697
20211101T070918;23.1000003814697
20211101T173234;22.1000003814697
20211101T180243;23.2000007629395
