SensorID;Time;Type;Unit
7_0;20210601T000000;TMP;C
20210601T213335;23.2999992370605
20210602T025148;24.2999992370605
20210602T211740;25.2999992370605
20210602T220305;23.8999996185303
20210603T043642;22.7999992370605
20210603T095447;23.8999996185303
20210603T193002;24.8999996185303
20210609T154448;25.8999996185303
20210610T093942;24.8999996185303
20210610T161341;26.0
20210613T053238;25.0
20210614T051556;24.0
20210617T090251;23.0
20210617T231124;24.0
20210618T124911;25.0
20210619T061354;24.0
20210620T223719;22.7999992370605
20210620T230737;21.7000007629395
20210620T235303;22.7000007629395
20210621T071221;23.7000007629395
20210623T184653;24.7000007629395
20210623T200235;23.7000007629395
20210624T175933;24.7999992370605
20210624T223154;23.7999992370605
20210625T141016;25.0
20210625T234516;24.0
20210628T193805;25.0
20210629T042804;24.0
20210629T133347;25.0
20210630T212052;24.0
