SensorID;Time;Type;Unit
17_0;20210901T000000;TMP;C
20210902T033218;24.0
20210903T140243;22.7999992370605
20210903T141750;20.0
20210903T144805;21.2000007629395
20210903T153326;22.2999992370605
20210903T183448;23.2999992370605
20210909T155033;24.2999992370605
20210912T213457;23.2999992370605
20210913T085441;22.2999992370605
20210914T110622;21.2999992370605
20210914T160852;22.2999992370605
20210915T101655;21.2999992370605
20210917T082325;20.2999992370605
20210920T091705;19.2999992370605
20210922T233437;20.2999992370605
20210923T121029;21.2999992370605
20210923T144139;20.2999992370605
20210924T120649;19.2999992370605
20210925T100226;20.3999996185303
20210925T114816;19.3999996185303
20210925T154024;20.3999996185303
20210925T160525;21.7999992370605
20210925T180124;20.7000007629395
20210927T113938;19.7000007629395
20210929T031234;20.7000007629395
20210930T122742;19.7000007629395
