SensorID;Time;Type;Unit
11_0;20210701T000000;TMP;C
20210701T042648;24.3999996185303
20210701T203509;25.3999996185303
20210702T170636;26.3999996185303
20210703T015205;25.3999996185303
20210704T163323;26.3999996185303
20210705T071051;25.3999996185303
20210705T152146;26.3999996185303
20210706T051433;25.2999992370605
20210706T142509;26.2999992370605
20210706T232030;25.2999992370605
20210707T043314;24.2999992370605
20210707T151347;25.2999992370605
20210708T015351;24.2999992370605
20210709T143914;25.2999992370605
20210711T045148;24.2999992370605
20210712T200409;25.2999992370605
20210713T044516;24.2999992370605
20210713T114204;25.2999992370605
20210715T115323;26.2999992370605
20210715T143146;27.2999992370605
20210715T231142;26.2999992370605
20210716T134903;27.2999992370605
20210717T032556;26.2999992370605
20210717T140514;27.2999992370605
20210718T035706;26.2999992370605
20210719T105641;25.2999992370605
20210720T120036;26.2999992370605
20210720T132952;27.2999992370605
20210720T172745;26.2999992370605
20210721T040747;25.2999992370605
20210722T143717;26.2999992370605
20210723T071415;25.2999992370605
20210723T145532;26.2999992370605
20210725T131543;27.2999992370605
20210727T062225;26.2999992370605
20210727T235836;25.2999992370605
20210728T083945;24.2999992370605
20210728T113823;25.2999992370605
20210729T001703;24.2999992370605
20210729T145508;25.2999992370605
20210729T190800;24.2999992370605
20210729T212155;25.2999992370605
20210730T000548;24.1000003814697
20210730T034909;23.1000003814697
20210730T104633;24.1000003814697
20210730T154414;25.1000003814697
20210731T070634;24.1000003814697
20210731T190121;25.1000003814697
