SensorID;Time;Type;Unit
9_0;20210701T000000;TMP;C
20210701T023435;25.7999992370605
20210702T162853;27.0
20210702T172845;28.1000003814697
20210702T185827;29.1000003814697
20210702T211256;27.8999996185303
20210702T211257;27.8999996185303
20210702T211257;27.8999996185303
20210702T231234;26.8999996185303
20210703T190827;27.8999996185303
20210704T021659;26.8999996185303
20210704T171854;28.0
20210704T233210;27.0
20210705T175733;28.0
20210706T011044;27.0
20210706T163721;28.0
20210706T180658;29.1000003814697
20210706T193633;27.0
20210706T195130;25.8999996185303
20210707T080407;24.7999992370605
20210707T151748;25.7999992370605
20210708T184253;26.7999992370605
20210709T022626;25.7999992370605
20210710T052147;24.7999992370605
20210713T160750;25.7999992370605
20210713T175229;26.7999992370605
20210714T033533;25.7999992370605
20210715T061549;24.7999992370605
20210715T152934;25.7999992370605
20210715T175913;26.7999992370605
20210716T012749;25.7999992370605
20210716T183955;26.7999992370605
20210716T223907;25.7999992370605
20210717T060759;24.7999992370605
20210717T162125;25.7999992370605
20210717T180606;26.7999992370605
20210717T210527;25.7999992370605
20210717T230511;24.7999992370605
20210718T003457;23.7999992370605
20210718T020452;22.7999992370605
20210718T043439;21.7999992370605
20210718T123404;23.0
20210718T173320;24.0
20210718T183311;25.1000003814697
20210720T061303;24.1000003814697
20210721T140942;23.0
20210721T155430;24.0
20210721T180913;25.1000003814697
20210722T173533;26.2000007629395
20210723T161725;27.2999992370605
20210724T031526;26.2999992370605
20210724T175751;27.2999992370605
20210725T061049;26.2999992370605
20210725T173843;27.2999992370605
20210727T051156;26.2999992370605
20210728T214040;25.2999992370605
20210729T200312;24.2999992370605
20210730T180620;25.2999992370605
20210731T220216;24.2999992370605
