SensorID;Time;Type;Unit
9_0;20211201T000000;TMP;C
20211206T033029;23.5
20211206T081442;22.3999996185303
20211206T152846;21.2999992370605
20211206T222804;20.2999992370605
20211207T105721;19.2999992370605
20211218T085903;20.2999992370605
20211218T132336;21.3999996185303
20211218T152802;22.3999996185303
20211218T184241;23.3999996185303
20211219T043106;24.3999996185303
20211219T212212;25.3999996185303
20211220T181802;24.2999992370605
20211220T193248;25.2999992370605
20211220T200245;24.0
20211220T233218;23.0
20211221T030146;24.0
20211221T050132;23.0
20211222T142641;24.0
20211222T185600;22.8999996185303
20211223T133806;21.8999996185303
20211223T183735;20.8999996185303
20211224T075108;19.8999996185303
20211225T070408;18.8999996185303
20211230T114158;17.8999996185303
