SensorID;Time;Type;Unit
7_0;20210501T000000;TMP;C
20210502T141053;20.6000003814697
20210504T072838;19.6000003814697
20210504T141805;21.6000003814697
20210504T144822;22.6000003814697
20210504T154403;21.6000003814697
20210504T163426;20.5
20210504T215304;19.5
20210505T091608;18.5
20210508T115354;19.5
20210508T151121;20.6000003814697
20210509T072142;19.6000003814697
20210510T134202;21.0
20210510T141220;22.2999992370605
20210510T161325;23.2999992370605
20210510T180433;22.1000003814697
20210510T180433;22.1000003814697
20210510T184446;21.0
20210510T211615;22.1000003814697
20210510T214634;21.1000003814697
20210512T144339;22.6000003814697
20210512T181535;23.6000003814697
20210512T234846;22.6000003814697
20210521T192658;23.7000007629395
20210521T231414;22.6000003814697
20210522T123747;23.7000007629395
20210522T150916;22.7000007629395
20210523T034716;21.7000007629395
20210524T120819;23.0
20210524T164025;22.0
20210525T032709;21.0
20210525T032709;21.0
20210526T080625;20.0
20210527T234742;22.1000003814697
20210528T014856;21.1000003814697
20210528T181420;22.1000003814697
20210528T184449;23.3999996185303
20210528T224704;22.3999996185303
20210529T201511;23.3999996185303
20210529T204530;24.3999996185303
20210529T223132;23.3999996185303
20210530T152716;24.3999996185303
20210530T175350;25.3999996185303
20210530T230115;24.2000007629395
20210531T202735;25.7999992370605
