SensorID;Time;Type;Unit
7_0;20210501T000000;TMP;C
20210501T144933;19.3999996185303
20210501T195344;21.0
20210501T200855;19.6000003814697
20210501T235656;18.6000003814697
20210502T095946;20.0
20210502T105013;21.2999992370605
20210502T130648;20.2999992370605
20210502T143800;19.2999992370605
20210503T183003;20.2999992370605
20210504T013516;19.2999992370605
20210504T174826;20.2999992370605
20210504T230736;19.2999992370605
20210505T083018;21.2000007629395
20210505T093100;22.2000007629395
20210505T141926;20.8999996185303
20210505T152013;19.8999996185303
20210506T094538;20.8999996185303
20210506T100544;19.6000003814697
20210506T171121;19.7999992370605
20210506T214510;20.7999992370605
20210506T223046;19.7999992370605
20210507T035014;18.7999992370605
20210507T070301;19.8999996185303
20210507T151948;21.2999992370605
20210507T152945;20.2000007629395
20210507T203328;19.2000007629395
20210508T114525;20.3999996185303
20210508T124609;21.3999996185303
20210508T141710;20.2999992370605
20210509T031213;19.2999992370605
20210509T120412;20.2999992370605
20210509T121429;21.3999996185303
20210509T124946;20.3999996185303
20210509T150632;19.3999996185303
20210509T153654;21.0
20210509T162228;19.8999996185303
20210509T175335;22.2000007629395
20210509T193946;20.7000007629395
20210509T205543;21.7999992370605
20210509T211054;20.6000003814697
20210510T043132;19.6000003814697
20210510T174617;20.6000003814697
20210510T191209;19.6000003814697
20210511T043356;20.6000003814697
20210511T144111;21.7000007629395
20210511T150135;20.7000007629395
20210513T115836;21.7000007629395
20210513T134449;20.7000007629395
20210514T160342;22.0
20210515T185239;21.0
20210520T105404;22.0
20210524T205747;21.0
20210525T151104;22.1000003814697
20210525T155635;21.1000003814697
20210527T145919;22.1000003814697
20210527T174614;21.1000003814697
20210529T133208;22.2000007629395
20210530T114644;23.3999996185303
20210531T154742;24.3999996185303
