SensorID;Time;Type;Unit
9_0;20210203T115912;TMP;C
20210207T145021;21.2999992370605
20210217T090333;20.2999992370605
20210224T122252;21.2999992370605
20210226T134233;22.2999992370605
20210228T121717;23.2999992370605
