SensorID;Time;Type;Unit
25_0;20210901T000000;TMP;C
20210903T163228;27.2999992370605
20210903T163228;27.2999992370605
20210903T163228;27.2999992370605
20210903T163228;27.2999992370605
20210903T183200;26.2000007629395
20210903T183201;26.2000007629395
20210903T183201;26.2000007629395
20210903T183201;26.2000007629395
20210915T064853;25.2000007629395
20210915T064853;25.2000007629395
20210915T064853;25.2000007629395
20210915T064853;25.2000007629395
20210919T073429;24.2000007629395
20210919T073429;24.2000007629395
20210919T073429;24.2000007629395
20210919T073429;24.2000007629395
20210920T115418;25.2000007629395
20210920T144502;24.2000007629395
20210923T113723;25.5
