SensorID;Time;Type;Unit
13_0;20211101T000000;TMP;C
20211103T104155;20.5
20211105T055339;19.5
20211106T191552;20.5
20211106T191552;20.5
20211107T103106;19.5
20211108T134434;18.5
20211109T172846;19.6000003814697
20211109T204703;20.7000007629395
20211111T132539;21.7000007629395
20211114T072721;20.6000003814697
20211114T091405;19.6000003814697
20211114T101502;20.7999992370605
20211115T224856;21.7999992370605
20211120T203604;22.7999992370605
20211121T073054;21.7999992370605
20211121T090233;20.7999992370605
20211121T113454;21.7999992370605
20211126T053703;20.7999992370605
20211126T101127;21.7999992370605
20211127T070109;20.7999992370605
20211127T080212;19.7000007629395
20211127T090315;20.7000007629395
20211127T090315;20.7000007629395
20211130T120243;19.7000007629395
20211130T182409;20.7000007629395
