SensorID;Time;Type;Unit
11_0;20210701T000000;TMP;C
20210703T145928;25.6000003814697
20210712T082828;24.6000003814697
20210714T184232;25.6000003814697
20210725T192109;26.6000003814697
20210729T153424;25.6000003814697
