SensorID;Time;Type;Unit
7_0;20210901T000000;TMP;C
20210901T001318;23.1000003814697
20210901T111901;24.2000007629395
20210902T005552;23.2000007629395
20210902T135218;24.2000007629395
20210902T163328;25.2999992370605
20210902T215040;24.2999992370605
20210903T115702;23.2999992370605
20210903T183002;24.5
20210903T214627;23.5
20210904T001751;22.5
20210904T050529;21.5
20210904T105336;22.5
20210904T162654;23.7000007629395
20210904T191303;24.7999992370605
20210904T210859;23.7999992370605
20210905T003030;22.7999992370605
20210905T142311;23.8999996185303
20210906T014315;22.8999996185303
20210906T175030;24.0
20210906T225244;23.0
20210907T171708;24.1000003814697
20210908T022149;23.1000003814697
20210908T142737;24.1000003814697
20210909T140805;25.1000003814697
20210910T005606;24.1000003814697
20210912T213559;23.1000003814697
20210912T230139;22.1000003814697
20210913T112559;23.2000007629395
20210914T030127;22.2000007629395
20210914T170826;23.2999992370605
20210914T221029;22.1000003814697
20210915T171801;23.2999992370605
20210916T050824;22.2000007629395
20210916T115642;23.2000007629395
20210916T221115;22.1000003814697
20210917T224234;21.1000003814697
20210918T163157;22.1000003814697
20210918T190805;23.1000003814697
20210918T205355;22.1000003814697
20210919T014126;21.1000003814697
20210919T195106;22.1000003814697
20210919T220718;21.1000003814697
20210920T181808;22.1000003814697
20210920T224018;21.1000003814697
20210921T181440;22.1000003814697
20210921T234715;21.1000003814697
20210922T110830;22.2000007629395
20210922T155549;23.2000007629395
20210922T222842;22.2000007629395
20210924T001046;21.2000007629395
20210924T170423;22.3999996185303
20210925T023855;21.3999996185303
20210927T185415;22.3999996185303
20210927T231111;21.3999996185303
20210929T125923;22.3999996185303
20210929T170102;21.3999996185303
20210929T224841;22.7000007629395
20210929T233402;21.5
20210930T161212;20.5
20210930T171241;21.7000007629395
20210930T182813;22.7999992370605
20210930T212440;21.7999992370605
