SensorID;Time;Type;Unit
9_0;20210401T000000;TMP;C
20210401T022455;24.0
20210401T201628;25.0
20210402T071316;24.0
20210402T102528;25.0
20210402T161908;24.0
20210411T133327;25.0
20210411T222401;24.0
20210412T185145;25.0
20210412T223900;24.0
20210415T130919;25.2000007629395
20210415T140956;26.2000007629395
20210415T165638;25.0
20210416T010201;24.0
20210417T122710;25.0
20210417T132749;26.1000003814697
20210417T181543;25.1000003814697
20210418T085109;24.1000003814697
20210418T121331;25.3999996185303
20210418T131412;26.5
20210418T150016;27.5
20210418T170642;26.5
20210418T184734;25.5
20210419T074034;24.3999996185303
20210420T134514;25.3999996185303
20210421T082714;24.3999996185303
20210427T105444;23.2000007629395
20210427T183029;24.2000007629395
20210430T180627;25.2000007629395
