SensorID;Time;Type;Unit
13_0;20210501T000000;TMP;C
20210501T072613;23.5
20210501T125834;24.8999996185303
20210501T134350;26.0
20210501T145920;25.0
20210502T041929;24.0
20210502T155422;25.1000003814697
20210502T214139;24.0
20210504T183010;25.0
20210504T233159;24.0
20210506T041354;23.0
20210506T150340;24.0
20210508T145535;25.0
20210509T023108;24.0
20210511T102739;23.0
20210511T154506;24.0
20210513T180747;25.1000003814697
20210516T060119;24.1000003814697
20210516T200708;25.2000007629395
20210517T035521;24.2000007629395
20210519T222255;25.2000007629395
20210520T105811;24.2000007629395
20210520T164513;25.2000007629395
20210521T072055;24.2000007629395
20210521T175515;25.2000007629395
20210522T055949;24.2000007629395
20210523T233036;25.2000007629395
20210524T054808;24.2000007629395
20210524T200842;25.2000007629395
20210525T035627;24.2000007629395
20210525T190233;25.2999992370605
20210526T013446;24.2999992370605
20210526T132948;23.2000007629395
20210527T001356;24.2000007629395
20210527T205115;25.3999996185303
20210528T022315;24.3999996185303
20210528T121201;25.3999996185303
20210528T131223;26.5
20210528T144805;27.5
20210528T181407;26.5
20210528T233058;25.5
20210530T114421;26.6000003814697
20210530T124440;27.6000003814697
20210530T140004;28.6000003814697
20210530T182639;27.6000003814697
20210531T023408;26.6000003814697
20210531T125242;27.7000007629395
20210531T232607;26.7000007629395
