SensorID;Time;Type;Unit
11_0;20210601T000000;TMP;C
20210601T064154;24.2000007629395
20210601T094047;25.2000007629395
20210601T172231;26.2000007629395
20210604T130838;27.2000007629395
20210604T172139;26.2000007629395
20210605T125740;27.2000007629395
20210605T223734;26.2000007629395
20210606T013133;25.2000007629395
20210606T043516;24.2000007629395
20210606T120254;25.2999992370605
20210606T130228;26.2999992370605
20210607T201735;25.2999992370605
20210608T064259;24.2999992370605
20210608T202303;25.3999996185303
20210608T233649;24.3999996185303
20210609T032042;23.3999996185303
20210609T111829;24.3999996185303
20210609T202952;25.3999996185303
20210609T231349;24.3999996185303
20210610T003334;23.3999996185303
20210610T101026;24.3999996185303
20210610T232001;25.3999996185303
20210611T230850;24.3999996185303
20210612T035209;23.3999996185303
20210612T114917;24.3999996185303
20210612T135833;25.6000003814697
20210612T194539;24.6000003814697
20210612T234354;23.6000003814697
20210613T021305;22.6000003814697
20210613T052717;21.6000003814697
20210613T091125;22.6000003814697
20210613T111050;23.6000003814697
20210613T121028;24.6000003814697
20210617T133101;25.6000003814697
20210619T233457;24.3999996185303
20210620T054741;23.3999996185303
20210620T121530;24.3999996185303
20210621T235616;25.3999996185303
20210622T054358;24.3999996185303
20210622T065334;23.3999996185303
20210622T135110;24.3999996185303
20210625T141140;25.3999996185303
20210626T165917;26.3999996185303
20210626T214155;25.3999996185303
20210629T001825;24.3999996185303
20210630T134808;25.3999996185303
