SensorID;Time;Type;Unit
14_0;20210301T000000;TMP;C
20210301T001821;21.1000003814697
20210301T062426;20.1000003814697
20210301T062427;20.1000003814697
20210302T123237;21.1000003814697
20210303T042214;20.1000003814697
20210303T153307;21.7999992370605
20210303T161849;20.7000007629395
20210304T024355;19.7000007629395
20210304T132424;20.7000007629395
20210304T233417;19.7000007629395
20210305T124710;20.7000007629395
20210306T115452;19.7000007629395
20210307T120353;20.7000007629395
20210307T133523;21.7000007629395
20210307T211234;20.7000007629395
20210308T014701;19.7000007629395
20210308T142427;20.7000007629395
20210308T222217;19.7000007629395
20210309T155427;20.7000007629395
20210310T011819;19.7000007629395
20210312T140352;20.7000007629395
20210315T025918;19.7000007629395
20210315T125915;20.7000007629395
20210316T024258;19.7000007629395
20210317T190830;20.7000007629395
20210318T020022;19.7000007629395
20210318T170021;20.7000007629395
20210319T083028;19.7000007629395
20210320T142944;20.7000007629395
20210322T210656;21.7000007629395
20210323T045920;20.7000007629395
20210323T213013;21.7000007629395
20210324T072444;20.7000007629395
20210324T151717;21.7999992370605
20210325T021215;20.7999992370605
20210331T225006;21.7999992370605
