SensorID;Time;Type;Unit
17_0;20210801T000000;TMP;C
20210801T111555;23.6000003814697
20210802T112634;22.6000003814697
20210804T142037;23.7999992370605
20210804T152104;22.7999992370605
20210807T145448;21.7999992370605
20210807T155026;20.7000007629395
20210807T181144;21.7000007629395
20210808T130100;23.0
20210808T135113;21.8999996185303
20210808T142128;23.0
20210810T063914;24.0
20210815T123204;22.8999996185303
20210815T203535;23.8999996185303
20210816T102620;22.8999996185303
20210820T124220;21.8999996185303
20210823T004126;22.8999996185303
20210823T110120;21.8999996185303
20210823T124715;22.8999996185303
20210826T093453;21.8999996185303
20210828T120419;22.8999996185303
20210828T135019;21.8999996185303
20210829T232355;23.0
