SensorID;Time;Type;Unit
9_0;20210601T000000;TMP;C
20210601T074128;26.2000007629395
20210602T075534;27.2000007629395
20210602T111230;26.0
20210602T132850;27.1000003814697
20210605T135351;28.1000003814697
20210605T231344;27.1000003814697
20210606T043148;26.1000003814697
20210606T212608;27.1000003814697
20210608T070022;26.1000003814697
20210609T041327;25.1000003814697
20210609T220840;26.1000003814697
20210610T004005;25.1000003814697
20210610T114630;26.2000007629395
20210612T040658;25.2000007629395
20210612T142744;26.2999992370605
20210613T000301;25.2999992370605
20210613T035022;24.2999992370605
20210613T124110;25.2999992370605
20210616T194352;26.2999992370605
20210620T034710;25.2999992370605
20210625T161723;26.2999992370605
20210629T010350;25.2999992370605
