SensorID;Time;Type;Unit
7_0;20210401T000000;TMP;C
20210401T002414;21.0
20210404T140029;22.0
20210405T003125;21.0
20210405T153016;22.0
20210405T231952;21.0
20210406T152453;22.0
20210406T193150;21.0
20210408T061823;20.0
20210408T063826;21.3999996185303
20210408T082437;20.3999996185303
20210408T083958;21.3999996185303
20210410T015532;20.3999996185303
20210410T022038;22.1000003814697
20210410T032112;21.1000003814697
20210411T111119;22.1000003814697
20210411T131236;23.2000007629395
20210411T201644;22.1000003814697
20210412T003417;21.1000003814697
20210412T155921;22.2000007629395
20210412T191625;23.2000007629395
20210412T220258;22.2000007629395
20210412T231840;21.2000007629395
20210413T122641;22.2000007629395
20210413T201553;21.2000007629395
20210415T013610;20.2000007629395
20210415T020631;22.0
20210415T030708;21.0
20210419T110219;22.2000007629395
20210419T131854;23.2000007629395
20210419T234003;22.2000007629395
20210421T130325;23.2000007629395
20210421T230900;22.2000007629395
20210423T051418;21.2000007629395
20210423T130429;22.6000003814697
20210424T012638;21.6000003814697
20210424T114851;20.6000003814697
20210424T121913;22.2000007629395
20210425T032819;21.2000007629395
20210426T215635;22.2000007629395
20210427T012837;21.2000007629395
20210427T145209;22.7000007629395
20210427T155244;21.6000003814697
20210427T214125;20.6000003814697
20210428T113535;21.6000003814697
20210428T133650;20.6000003814697
20210428T133650;20.6000003814697
20210430T003119;19.6000003814697
