SensorID;Time;Type;Unit
17_0;20210701T000000;TMP;C
20210703T021328;24.8999996185303
20210703T155004;25.8999996185303
20210705T112610;24.7000007629395
20210710T103512;23.7000007629395
20210713T165010;25.0
20210714T042546;24.0
20210715T095435;25.0
20210721T042952;24.0
20210722T180450;25.0
20210724T112600;26.0
20210724T122624;27.2999992370605
20210724T161248;26.2999992370605
20210724T214452;25.2000007629395
20210724T224528;23.7999992370605
20210724T231533;22.5
20210725T001604;23.7999992370605
20210725T021708;24.7999992370605
20210725T133638;25.8999996185303
20210725T140158;26.8999996185303
20210725T210932;25.8999996185303
20210725T215450;24.7000007629395
20210725T224009;23.6000003814697
20210725T231023;24.6000003814697
20210726T111045;25.7000007629395
20210726T122111;26.7000007629395
20210726T163229;25.6000003814697
20210726T190331;24.2999992370605
20210726T204917;23.2000007629395
20210726T211931;22.2000007629395
20210726T230521;23.2000007629395
20210727T070850;24.2999992370605
20210728T125047;25.3999996185303
20210728T182314;24.3999996185303
20210729T194839;23.3999996185303
20210730T202935;24.6000003814697
