SensorID;Time;Type;Unit
9_0;20210301T000000;TMP;C
20210301T020901;23.8999996185303
20210310T180653;24.8999996185303
20210310T232545;23.7999992370605
20210317T113526;24.7999992370605
20210317T153819;23.7999992370605
20210318T155607;24.7999992370605
20210318T192847;23.7999992370605
20210320T094059;22.7999992370605
20210320T163102;23.7999992370605
20210325T143828;24.8999996185303
20210326T083547;23.8999996185303
20210331T183508;25.0
