SensorID;Time;Type;Unit
11_0;20210501T000000;TMP;C
20210501T133956;25.0
20210501T160904;24.0
20210506T050529;23.0
20210508T121550;24.0
20210514T190243;25.0
20210515T102643;23.7000007629395
20210515T190830;24.7000007629395
20210517T120315;23.5
20210517T214938;24.5
20210524T122313;23.3999996185303
20210524T163648;24.3999996185303
20210526T122100;23.3999996185303
20210526T181900;22.2000007629395
20210526T194833;23.2000007629395
20210527T124316;24.2999992370605
20210528T124944;25.2999992370605
20210528T144905;26.2999992370605
20210528T181731;25.2999992370605
20210529T065728;24.2999992370605
20210530T111653;25.3999996185303
20210530T123122;26.3999996185303
20210530T150013;27.3999996185303
20210530T181345;26.3999996185303
20210531T154916;27.3999996185303
20210531T211614;26.3999996185303
20210531T233008;25.2999992370605
