SensorID;Time;Type;Unit
10_0;20210701T000000;TMP;C
20210702T165317;27.2999992370605
20210704T115601;26.2000007629395
20210704T175840;27.2000007629395
20210706T161809;26.2000007629395
20210706T170333;25.1000003814697
20210706T200504;26.1000003814697
20210706T232126;27.2000007629395
20210707T142756;25.7000007629395
20210707T145823;24.7000007629395
20210707T155843;23.5
20210707T175953;24.5
20210707T203114;23.2000007629395
20210707T213148;24.2000007629395
20210708T020418;25.2999992370605
20210708T155623;26.3999996185303
20210710T002618;27.3999996185303
20210710T045809;26.3999996185303
20210712T182539;25.2000007629395
20210712T185543;26.3999996185303
20210713T153508;27.7000007629395
20210715T130835;28.7000007629395
20210716T002746;27.7000007629395
20210717T144313;28.7000007629395
20210718T064853;27.7000007629395
20210719T065820;26.7000007629395
20210719T130043;27.7000007629395
20210720T134053;25.7000007629395
20210720T141107;26.7999992370605
20210720T155655;27.7999992370605
20210721T064827;26.7999992370605
20210721T143636;27.7999992370605
20210722T201857;26.7000007629395
20210722T220447;27.7000007629395
20210724T192233;26.7000007629395
20210724T205301;27.7999992370605
20210724T225355;26.7999992370605
20210725T122953;27.7999992370605
20210726T161050;28.7999992370605
20210726T172616;27.7999992370605
20210726T212752;26.7999992370605
20210727T124840;27.7999992370605
20210727T185104;26.7999992370605
20210728T161045;25.2000007629395
20210728T163046;24.1000003814697
20210728T170104;22.8999996185303
20210728T172126;21.8999996185303
20210728T191723;23.7000007629395
20210728T194243;24.7000007629395
20210728T203256;25.7000007629395
20210729T001931;26.7000007629395
20210729T191149;25.6000003814697
20210729T205723;24.3999996185303
20210730T024505;25.3999996185303
20210730T130450;26.5
20210730T150536;27.5
20210730T230850;26.5
20210731T044113;25.5
