SensorID;Time;Type;Unit
13_0;20210901T000000;TMP;C
20210904T061911;23.6000003814697
20210908T165022;24.6000003814697
20210909T201152;25.6000003814697
20210909T201152;25.6000003814697
20210911T062303;24.6000003814697
20210914T080752;23.6000003814697
20210914T154426;24.6000003814697
20210915T082849;23.6000003814697
20210917T030650;22.6000003814697
20210920T112151;21.6000003814697
20210922T142609;22.6000003814697
20210924T092043;21.6000003814697
20210925T170548;22.6000003814697
20210926T073442;21.6000003814697
20210926T161301;22.6000003814697
20210930T083039;21.6000003814697
