SensorID;Time;Type;Unit
11_0;20210401T000000;TMP;C
20210403T042121;20.7000007629395
20210407T082109;19.7000007629395
20210407T215223;20.7000007629395
20210408T090138;19.7000007629395
20210408T231239;20.7000007629395
20210416T143438;21.7999992370605
20210418T161039;22.7999992370605
20210418T164050;23.7999992370605
20210418T192742;22.7999992370605
20210419T090718;21.7999992370605
20210419T151139;22.7999992370605
20210422T052451;21.7999992370605
20210424T214127;20.7999992370605
20210425T142439;22.2000007629395
20210425T175708;21.2000007629395
