SensorID;Time;Type;Unit
17_0;20211001T000000;TMP;C
20211001T122345;21.2000007629395
20211001T140934;20.2000007629395
20211001T181122;21.3999996185303
20211002T124204;20.7999992370605
20211002T124918;23.2999992370605
20211002T130423;22.2999992370605
20211002T133433;21.1000003814697
20211002T190653;22.5
20211002T195209;23.5
20211002T205228;22.5
20211002T212240;21.5
20211003T115908;20.5
20211006T111513;19.5
20211008T145424;20.5
20211010T203131;19.5
20211011T184410;18.5
20211013T112051;17.5
20211013T113559;19.2000007629395
20211013T120403;18.2000007629395
20211014T021406;19.2000007629395
20211014T145049;20.2000007629395
20211014T155120;19.2000007629395
20211016T101241;20.2999992370605
20211016T104043;19.2999992370605
20211017T154150;18.2999992370605
20211019T001323;19.2999992370605
20211023T113523;20.3999996185303
20211023T122046;18.1000003814697
20211023T123555;15.6000003814697
20211023T125104;14.6000003814697
20211023T130614;16.2999992370605
20211023T133632;17.3999996185303
20211023T143707;18.3999996185303
20211024T002716;19.3999996185303
20211025T210355;20.7000007629395
20211026T092433;19.7000007629395
20211028T002722;20.7000007629395
