SensorID;Time;Type;Unit
7_0;20210901T000000;TMP;C
20210905T083911;23.2999992370605
20210909T173023;24.2999992370605
20210913T045735;23.2999992370605
20210916T153917;22.2999992370605
20210917T073338;21.2999992370605
20210918T221331;20.2999992370605
20210922T090842;21.3999996185303
20210928T201335;22.5
20210928T231508;24.6000003814697
20210928T233005;23.6000003814697
20210929T000018;24.7000007629395
20210929T001524;23.7000007629395
20210929T003030;24.7000007629395
20210929T004538;23.6000003814697
20210929T011551;24.7999992370605
20210929T013057;23.7999992370605
20210929T020109;25.0
20210929T021616;23.8999996185303
20210929T024640;25.1000003814697
20210929T030138;23.7999992370605
20210929T033152;24.8999996185303
20210929T034659;23.8999996185303
20210929T041713;25.1000003814697
20210929T043220;23.8999996185303
20210929T050234;24.8999996185303
20210929T053248;23.6000003814697
20210929T060301;25.0
20210929T061818;23.8999996185303
20210929T064822;24.8999996185303
20210929T071836;23.6000003814697
20210929T073344;24.7000007629395
20210929T080359;23.5
20210929T083412;24.6000003814697
20210929T090425;23.3999996185303
20210929T093438;24.6000003814697
20210929T100453;23.5
20210929T103506;24.7000007629395
20210929T110027;23.7000007629395
20210929T112026;24.7000007629395
20210929T115041;23.6000003814697
20210929T121059;24.7000007629395
20210929T123600;23.7000007629395
20210929T130614;25.0
20210929T133628;23.7999992370605
20210929T140641;25.1000003814697
20210929T142147;24.0
