SensorID;Time;Type;Unit
9_0;20210801T000000;TMP;C
20210802T035825;23.2999992370605
20210802T182147;24.2999992370605
20210803T184837;23.2999992370605
20210805T180333;24.2999992370605
20210806T051728;23.2999992370605
20210806T175115;24.2999992370605
20210807T074447;23.2999992370605
20210809T175237;24.2999992370605
20210812T182847;23.1000003814697
20210820T175253;24.2999992370605
20210821T033647;23.2999992370605
20210821T182019;24.2999992370605
20210822T040906;23.2999992370605
20210822T173244;24.2999992370605
20210826T220545;23.2999992370605
20210829T171441;24.2999992370605
20210830T175522;25.2999992370605
20210831T022423;24.2999992370605
20210831T172301;25.3999996185303
