SensorID;Time;Type;Unit
17_0;20210601T000000;TMP;C
20210601T054240;24.6000003814697
20210601T191827;23.5
20210601T200347;22.2999992370605
20210601T213427;23.2999992370605
20210602T010555;24.2999992370605
20210603T172825;25.2999992370605
20210603T192413;23.7000007629395
20210603T205501;24.7000007629395
20210607T001511;25.7000007629395
20210613T053137;24.7000007629395
20210613T135537;23.7000007629395
20210613T152628;22.7000007629395
20210613T194347;23.7000007629395
20210614T095111;24.7000007629395
20210615T122016;23.7000007629395
20210618T161529;24.7000007629395
20210620T172439;23.7000007629395
20210624T174433;23.7999992370605
20210625T205905;24.8999996185303
20210630T013512;23.8999996185303
