SensorID;Time;Type;Unit
13_0;20210601T000000;TMP;C
20210601T070614;25.6000003814697
20210601T174525;26.7000007629395
20210602T060352;25.7000007629395
20210602T074352;26.7000007629395
20210604T095603;27.7000007629395
20210604T125534;26.6000003814697
20210604T154014;25.5
20210604T171006;26.5
20210605T090312;27.5
20210605T142213;26.5
20210606T083417;27.6000003814697
20210606T150300;26.6000003814697
20210607T091411;27.6000003814697
20210607T175724;26.6000003814697
20210608T135355;25.6000003814697
20210609T083602;26.6000003814697
20210610T113146;25.6000003814697
20210613T090542;26.6000003814697
20210613T120516;25.6000003814697
20210614T113303;24.6000003814697
20210615T090039;25.6000003814697
20210615T123019;24.6000003814697
20210617T091049;25.6000003814697
20210619T105029;24.6000003814697
20210621T061632;23.6000003814697
20210623T201411;24.6000003814697
20210624T185845;25.6000003814697
20210625T024247;24.6000003814697
20210625T182650;25.6000003814697
20210626T052551;24.6000003814697
20210630T084824;25.6000003814697
20210630T143233;24.6000003814697
20210630T190210;25.6000003814697
