SensorID;Time;Type;Unit
13_0;20210701T000000;TMP;C
20210701T032752;24.8999996185303
20210701T192216;25.8999996185303
20210702T152726;26.8999996185303
20210703T044042;25.8999996185303
20210703T151341;26.8999996185303
20210705T064358;25.8999996185303
20210705T161630;26.8999996185303
20210705T190150;27.8999996185303
20210705T234734;26.8999996185303
20210706T053345;25.8999996185303
20210706T170542;26.8999996185303
20210706T232157;25.8999996185303
20210707T040742;24.8999996185303
20210707T205622;26.0
20210708T001202;24.8999996185303
20210708T022733;23.8999996185303
20210709T120558;24.8999996185303
20210709T212253;25.8999996185303
20210710T035430;24.8999996185303
20210710T170233;26.0
20210711T012857;25.0
20210713T115526;26.0
20210713T171112;27.0
20210714T025749;26.0
20210714T230114;27.0
20210715T050210;26.0
20210715T123326;27.0
20210715T134839;28.0
20210716T004956;27.0
20210716T132739;28.0
20210717T031002;27.0
20210717T135711;28.0
20210718T032934;27.0
20210719T040446;26.0
20210719T213908;25.0
20210720T105722;26.0
20210720T121241;27.2000007629395
20210720T131254;28.2000007629395
20210720T162831;27.2000007629395
20210721T005958;26.2000007629395
20210721T092158;25.2000007629395
20210721T150312;26.2999992370605
20210722T043638;25.2999992370605
20210722T125354;26.2999992370605
20210722T153926;27.2999992370605
20210722T203039;26.2999992370605
20210723T171553;27.2999992370605
20210723T214653;26.2999992370605
20210724T135045;27.3999996185303
20210725T140642;28.3999996185303
20210726T022858;27.3999996185303
20210727T065018;26.3999996185303
20210727T173800;25.3999996185303
20210727T184820;26.5
20210728T000918;25.5
20210728T091135;24.5
20210728T114210;25.5
20210729T013026;24.5
20210729T150348;25.7000007629395
20210729T223524;24.6000003814697
20210730T030146;23.6000003814697
20210730T133429;24.6000003814697
20210730T162452;25.6000003814697
20210730T222552;26.6000003814697
20210730T231058;25.6000003814697
20210731T074244;24.6000003814697
20210731T134421;22.8999996185303
20210731T154455;24.0
20210731T211610;25.0
