SensorID;Time;Type;Unit
28_0;20210801T000000;TMP;C
20210801T103155;24.0
20210802T224056;23.0
20210806T183054;24.0
20210809T233650;25.0
20210811T015356;24.0
20210812T190455;25.1000003814697
20210818T161244;24.1000003814697
20210824T210232;25.1000003814697
20210825T184109;24.1000003814697
20210830T172912;25.1000003814697
