SensorID;Time;Type;Unit
12_0;20210601T000000;TMP;C
20210601T120233;26.7000007629395
20210601T131247;27.7000007629395
20210601T143254;26.7000007629395
20210601T174846;25.6000003814697
20210601T200428;24.6000003814697
20210602T162549;25.6000003814697
20210603T074516;24.6000003814697
20210603T113119;25.6000003814697
20210603T130143;26.7000007629395
20210603T150211;27.7000007629395
20210603T164744;26.3999996185303
20210603T190310;25.2999992370605
20210604T143910;26.3999996185303
20210605T042808;25.2000007629395
20210605T134558;26.2000007629395
20210606T021409;25.2000007629395
20210606T070543;24.2000007629395
20210606T124756;25.2000007629395
20210606T165409;24.2000007629395
20210606T231119;25.2999992370605
20210607T203318;26.2999992370605
20210611T051842;25.1000003814697
20210611T235806;26.1000003814697
20210612T210322;25.1000003814697
20210613T065148;24.1000003814697
20210613T132421;25.1000003814697
20210613T135433;23.7999992370605
20210613T143953;22.3999996185303
20210613T185652;23.3999996185303
20210613T212754;24.3999996185303
20210617T171419;25.3999996185303
20210622T081424;24.3999996185303
20210624T141700;25.3999996185303
20210626T164835;26.5
20210627T010602;25.5
20210627T090832;24.5
20210627T181114;25.5
20210628T055931;24.5
20210628T154730;25.5
