SensorID;Time;Type;Unit
10_0;20210901T000000;TMP;C
20210903T142349;25.8999996185303
20210903T234338;24.8999996185303
20210904T110447;25.8999996185303
20210905T173439;26.8999996185303
20210905T180454;25.0
20210905T214654;26.0
20210906T173122;24.8999996185303
20210907T193932;25.8999996185303
20210908T160922;26.8999996185303
20210909T084635;25.8999996185303
20210909T150431;26.8999996185303
20210910T225401;25.8999996185303
20210911T030553;24.8999996185303
20210911T154156;26.2000007629395
20210912T210902;25.2000007629395
20210913T150247;26.2000007629395
20210914T053957;25.2000007629395
20210914T132847;26.2999992370605
20210914T144423;27.2999992370605
20210915T010355;26.2999992370605
20210915T195759;25.2999992370605
20210916T041709;24.2999992370605
20210916T175408;26.0
20210916T202520;25.0
20210918T012521;24.0
20210920T023751;23.0
20210920T223443;24.0
20210922T042158;23.0
20210922T123702;24.0
20210922T152829;25.0
20210923T010314;23.8999996185303
20210924T074950;22.8999996185303
20210925T120636;23.8999996185303
20210925T140747;24.8999996185303
20210925T155338;26.1000003814697
20210925T185459;25.1000003814697
20210926T031431;24.1000003814697
20210926T155158;25.2000007629395
20210926T155158;25.2000007629395
20210927T025813;24.2000007629395
20210927T180715;25.2999992370605
20210927T231012;24.2999992370605
20210928T225436;25.2999992370605
