SensorID;Time;Type;Unit
9_0;20211001T000000;TMP;C
20211001T064300;23.8999996185303
20211002T030752;24.8999996185303
20211004T100407;23.8999996185303
20211004T132041;25.0
20211005T055832;24.0
20211006T195217;25.0
20211007T055245;23.7000007629395
20211008T163707;24.8999996185303
20211009T105127;23.7999992370605
20211011T183814;24.8999996185303
20211012T005642;23.8999996185303
20211013T100056;22.7000007629395
20211013T101605;24.5
20211013T123224;23.5
20211014T150347;24.5
20211015T034101;23.5
20211019T182259;22.3999996185303
20211019T183808;23.8999996185303
20211019T202413;22.7000007629395
20211020T183736;23.7000007629395
20211021T093024;22.7000007629395
20211023T134607;23.7000007629395
20211024T042442;22.7000007629395
20211024T115859;24.1000003814697
20211025T000553;22.8999996185303
20211025T002101;24.7999992370605
20211025T010131;23.5
20211025T030733;22.5
20211025T032251;24.6000003814697
20211025T040804;23.2999992370605
20211026T142743;24.2999992370605
20211026T161343;23.2999992370605
20211027T141154;24.2999992370605
20211027T200021;25.3999996185303
20211028T060609;24.3999996185303
20211028T135056;25.3999996185303
20211028T234539;24.3999996185303
