SensorID;Time;Type;Unit
7_0;20210901T000000;TMP;C
20210901T065508;22.8999996185303
20210901T173121;24.1000003814697
20210901T201742;25.1000003814697
20210901T214828;24.1000003814697
20210902T073901;23.1000003814697
20210902T111102;24.5
20210903T202734;23.5
20210906T202002;24.7000007629395
20210906T220555;23.7000007629395
20210908T202940;24.7999992370605
20210909T063431;23.7999992370605
20210909T165429;24.7999992370605
20210910T041439;23.7999992370605
20210910T160543;24.8999996185303
20210910T215317;23.7999992370605
20210910T235412;24.7999992370605
20210911T003932;23.7999992370605
20210911T143136;24.7999992370605
20210912T003619;23.7999992370605
20210913T044959;22.7999992370605
20210913T102238;23.7999992370605
20210914T031559;22.7999992370605
20210914T212051;24.0
20210914T222611;23.0
20210915T222404;22.0
20210916T210646;23.0
20210916T213712;21.8999996185303
20210917T064203;20.8999996185303
20210917T084316;21.8999996185303
20210917T114517;20.8999996185303
20210917T140129;21.8999996185303
20210917T200009;20.8999996185303
20210920T021306;19.8999996185303
20210921T091116;20.8999996185303
20210921T201724;22.1000003814697
20210921T211754;20.7000007629395
20210922T010503;19.7000007629395
20210922T141236;20.8999996185303
20210922T163900;19.8999996185303
20210922T204601;21.3999996185303
20210922T213124;20.3999996185303
20210923T161207;22.0
20210923T231544;21.0
20210924T044837;20.0
20210924T132349;21.1000003814697
20210924T154505;20.1000003814697
20210925T093453;21.1000003814697
20210925T125127;22.1000003814697
20210925T182347;21.1000003814697
20210926T012724;20.1000003814697
20210926T080057;21.5
20210927T141600;20.5
20210927T193343;21.5
20210928T042254;20.5
20210928T094041;21.7000007629395
20210928T102110;20.6000003814697
20210928T175959;21.6000003814697
20210928T204620;20.6000003814697
20210929T152549;21.7000007629395
20210929T164122;20.7000007629395
20210930T215631;21.7000007629395
20210930T222154;20.5
