SensorID;Time;Type;Unit
10_0;20210601T000000;TMP;C
20210601T051312;26.2999992370605
20210601T121632;27.3999996185303
20210601T193442;26.2999992370605
20210601T203514;25.1000003814697
20210601T215050;26.2000007629395
20210602T180057;27.2000007629395
20210602T201705;26.1000003814697
20210603T130941;27.2000007629395
20210603T145528;28.2999992370605
20210603T171125;25.8999996185303
20210604T120545;26.8999996185303
20210604T153722;28.0
20210604T215021;27.0
20210605T110110;25.8999996185303
20210605T141759;26.8999996185303
20210605T174939;25.8999996185303
20210605T203539;26.8999996185303
20210606T025324;25.8999996185303
20210606T114245;24.1000003814697
20210606T131337;25.1000003814697
20210606T142917;26.2000007629395
20210606T154454;25.1000003814697
20210606T170033;26.1000003814697
20210606T172051;24.7000007629395
20210606T173046;23.6000003814697
20210606T174553;24.6000003814697
20210606T191640;23.6000003814697
20210606T200209;22.5
20210606T204734;24.1000003814697
20210606T211751;25.1000003814697
20210606T234858;26.1000003814697
20210607T135525;27.1000003814697
20210608T180710;28.1000003814697
20210608T185228;26.8999996185303
20210609T184659;27.8999996185303
20210610T154031;26.7999992370605
20210610T174136;25.6000003814697
20210610T182647;26.6000003814697
20210612T221857;25.5
20210613T135137;22.5
20210613T141140;21.0
20210613T182945;22.1000003814697
20210613T190003;23.5
20210613T200035;24.5
20210613T223142;25.6000003814697
20210614T162539;23.0
20210614T165606;24.1000003814697
20210614T181135;25.1000003814697
20210614T201233;26.2000007629395
20210615T020023;25.2000007629395
20210617T142938;26.2000007629395
20210618T180948;27.2999992370605
20210618T201024;26.2999992370605
20210619T190320;27.2999992370605
20210620T053744;26.2999992370605
20210622T173918;25.2999992370605
20210623T144348;26.2999992370605
20210626T154705;27.2999992370605
20210627T010554;26.2999992370605
20210628T011647;25.2999992370605
20210628T155347;26.3999996185303
20210629T183533;25.2999992370605
20210629T211706;26.2999992370605
