SensorID;Time;Type;Unit
9_0;20210801T000000;TMP;C
20210802T124932;24.0
20210803T173900;25.2999992370605
20210803T232738;24.2999992370605
20210807T205618;25.2999992370605
20210808T052142;24.2999992370605
20210808T133633;25.2999992370605
20210810T173639;26.2999992370605
20210810T185217;25.2999992370605
20210813T210317;26.2999992370605
20210814T000458;25.2999992370605
20210814T112633;24.2999992370605
20210814T162916;25.2999992370605
20210818T110956;24.2000007629395
20210823T111152;25.3999996185303
20210826T014727;24.3999996185303
20210827T142414;23.2999992370605
20210827T191209;24.2999992370605
20210829T140440;25.3999996185303
20210830T141633;26.3999996185303
