SensorID;Time;Type;Unit
14_0;20210901T000000;TMP;C
20210904T044517;23.7000007629395
20210909T175659;24.7000007629395
20210913T042953;23.7000007629395
20210916T130253;22.7000007629395
20210918T144243;21.7000007629395
20210918T231938;22.7000007629395
20210920T070037;21.7000007629395
20210922T170528;22.7000007629395
20210924T060124;21.7000007629395
20210926T181338;22.7000007629395
20210927T081016;21.7000007629395
