SensorID;Time;Type;Unit
9_0;20210203T115020;TMP;C
20210205T081632;24.2999992370605
20210208T154243;25.2999992370605
20210211T034009;24.2999992370605
20210211T160501;25.2999992370605
20210212T030925;24.2999992370605
20210212T153847;25.2999992370605
20210212T193815;24.2000007629395
20210212T210808;23.1000003814697
20210213T153703;24.2999992370605
20210213T180649;23.2999992370605
20210218T215827;24.2999992370605
20210220T201818;25.2999992370605
20210224T051205;24.2999992370605
20210224T235436;25.3999996185303
20210225T090808;24.3999996185303
20210226T040452;25.3999996185303
20210228T161011;26.3999996185303
20210228T173959;25.2999992370605
