SensorID;Time;Type;Unit
13_0;20210401T000000;TMP;C
20210401T152138;22.2999992370605
20210402T010028;21.2999992370605
20210402T073638;20.2999992370605
20210408T080210;19.2999992370605
20210408T161028;20.2999992370605
20210410T184600;21.2999992370605
20210411T062728;20.2999992370605
20210411T150624;21.3999996185303
20210412T040421;20.3999996185303
20210413T084844;19.3999996185303
20210413T152529;20.5
20210415T233533;21.5
20210417T073545;20.5
20210417T151308;21.5
20210418T162128;22.7999992370605
20210419T034642;21.7999992370605
20210419T165904;22.7999992370605
20210420T043928;21.7999992370605
20210423T093412;20.7999992370605
20210423T143859;21.7999992370605
20210424T040633;20.7999992370605
20210425T144026;21.7999992370605
20210426T000424;20.7999992370605
20210427T093801;19.7999992370605
20210427T174634;20.7999992370605
