SensorID;Time;Type;Unit
12_0;20210801T000000;TMP;C
20210802T043927;23.7999992370605
20210803T200401;24.7999992370605
20210804T140818;26.7999992370605
20210804T142321;24.8999996185303
20210804T143825;23.7999992370605
20210804T175418;24.7999992370605
20210804T203513;23.7000007629395
20210804T222536;24.7000007629395
20210807T152230;23.7000007629395
20210807T171250;22.7000007629395
20210807T191322;23.7000007629395
20210807T235934;24.7000007629395
20210808T141831;23.7000007629395
20210809T003632;24.7000007629395
20210810T140149;25.7999992370605
20210812T062711;24.7000007629395
20210814T125406;23.2999992370605
20210814T135423;24.2999992370605
20210814T135424;24.2999992370605
20210815T062859;23.2999992370605
20210815T131114;22.1000003814697
20210815T140120;23.2000007629395
20210815T161657;24.2000007629395
20210821T134057;25.2000007629395
20210822T063022;24.2000007629395
20210822T153242;26.0
20210823T035021;25.0
20210828T125115;24.0
20210828T163709;25.0
20210829T124229;26.1000003814697
20210829T143806;27.2999992370605
20210829T195904;26.2999992370605
20210830T081151;25.2999992370605
20210830T174829;26.3999996185303
20210831T072045;25.3999996185303
20210831T185254;26.3999996185303
