SensorID;Time;Type;Unit
13_0;20210203T115236;TMP;C
20210204T071539;21.1000003814697
20210204T073041;22.3999996185303
20210204T081545;21.3999996185303
20210204T083045;22.6000003814697
20210204T085556;21.6000003814697
20210204T091546;23.0
20210204T091546;23.0
20210204T091548;23.0
20210204T093045;22.0
20210213T143337;21.0
20210213T144839;22.3999996185303
20210214T103608;21.3999996185303
20210214T110611;22.3999996185303
20210215T023810;21.3999996185303
20210215T025311;22.5
20210215T040819;21.5
20210215T042321;22.6000003814697
20210215T052326;21.6000003814697
20210215T053827;22.6000003814697
20210215T062328;21.6000003814697
20210215T062329;21.6000003814697
20210215T063838;22.7000007629395
20210215T072330;21.7000007629395
20210215T072331;21.7000007629395
20210215T073830;22.7000007629395
20210215T073831;22.7000007629395
20210215T082331;21.7000007629395
20210215T083831;22.7000007629395
20210215T092332;21.7000007629395
20210215T095332;22.8999996185303
20210215T102331;21.8999996185303
20210215T105331;22.8999996185303
20210215T115333;21.8999996185303
20210215T115334;21.8999996185303
20210215T122335;23.0
20210215T130835;22.0
20210225T193339;23.0
