SensorID;Time;Type;Unit
26_0;20210701T000000;TMP;C
20210702T002231;23.7000007629395
20210703T011518;24.7999992370605
20210703T144932;25.7999992370605
20210703T220648;24.6000003814697
20210704T203003;25.6000003814697
20210705T113420;24.2000007629395
20210705T153522;25.2000007629395
20210707T100928;24.2000007629395
20210709T053240;23.2000007629395
20210709T140027;24.2000007629395
20210710T110837;23.2000007629395
20210710T142503;24.8999996185303
20210712T221438;23.8999996185303
20210713T153603;25.2999992370605
20210713T155109;26.7000007629395
20210713T162129;25.3999996185303
20210715T153718;26.5
20210715T221926;25.5
20210717T150732;26.5
20210718T022618;25.5
20210718T153059;26.7000007629395
20210718T160120;25.7000007629395
20210719T004906;24.7000007629395
20210719T120817;25.8999996185303
20210719T125332;27.0
20210719T142401;28.0
20210719T152423;26.6000003814697
20210719T164001;25.6000003814697
20210720T090041;24.6000003814697
20210720T140239;26.5
20210720T153307;25.3999996185303
20210721T043754;24.3999996185303
20210721T080924;23.3999996185303
20210721T153743;24.7000007629395
20210722T202353;25.7999992370605
20210722T223941;24.7999992370605
20210724T122207;25.8999996185303
20210724T222448;24.7000007629395
20210724T231003;23.7000007629395
20210724T232518;22.7000007629395
20210724T235519;23.7000007629395
20210725T121406;24.7000007629395
20210725T153002;25.7000007629395
20210726T155227;26.7999992370605
20210726T195337;25.7999992370605
20210727T181623;23.2999992370605
20210727T183120;22.0
20210727T191641;20.6000003814697
20210727T192656;22.0
20210727T194654;23.3999996185303
20210727T203723;24.3999996185303
20210728T142344;25.3999996185303
20210728T180958;24.0
20210728T204052;25.0
20210729T054404;24.0
20210729T225034;23.0
20210730T144122;24.6000003814697
20210731T094750;23.6000003814697
20210731T223747;24.6000003814697
