SensorID;Time;Type;Unit
14_0;20211201T000000;TMP;C
20211201T103255;20.2999992370605
20211201T103256;20.2999992370605
20211202T183509;19.2000007629395
20211202T220902;18.2000007629395
20211202T225443;19.8999996185303
20211203T002613;20.8999996185303
20211203T123819;19.5
20211203T133429;18.5
20211203T184503;17.5
20211203T194610;19.3999996185303
20211203T233504;20.3999996185303
20211206T234746;19.3999996185303
20211207T025103;18.3999996185303
20211207T043800;19.7000007629395
20211207T185213;18.6000003814697
20211207T203910;19.8999996185303
20211209T215759;20.8999996185303
20211210T233755;21.8999996185303
20211211T142149;20.8999996185303
20211213T133548;21.8999996185303
20211214T031715;20.8999996185303
20211214T065529;21.8999996185303
20211216T084818;22.8999996185303
20211216T091843;24.2000007629395
20211216T112019;23.2000007629395
20211216T211355;22.1000003814697
20211217T001645;21.1000003814697
20211217T004713;22.1000003814697
20211217T124234;23.1000003814697
20211221T041220;22.1000003814697
20211221T083112;21.1000003814697
20211224T142538;20.1000003814697
20211224T175412;19.1000003814697
20211225T023800;20.2000007629395
20211226T132521;21.2000007629395
20211227T092810;20.2000007629395
20211228T184408;21.2000007629395
20211228T191436;20.1000003814697
20211228T214705;19.1000003814697
20211228T230322;20.5
20211230T214642;21.5
