SensorID;Time;Type;Unit
17_0;20210401T000000;TMP;C
20210401T001148;19.8999996185303
20210403T125928;18.1000003814697
20210403T131437;16.3999996185303
20210403T134508;17.7999992370605
20210403T154613;18.7999992370605
20210404T180103;19.8999996185303
20210405T155833;18.8999996185303
20210407T224456;20.2999992370605
20210408T003050;19.2999992370605
20210409T020038;20.6000003814697
20210409T060245;19.6000003814697
20210410T222558;18.6000003814697
20210411T153524;20.1000003814697
20210411T182159;19.1000003814697
20210414T142937;20.6000003814697
20210414T151500;19.6000003814697
20210415T111053;18.6000003814697
20210415T231741;19.7000007629395
20210416T122428;20.7999992370605
20210416T134005;19.6000003814697
20210418T025954;20.6000003814697
20210418T120427;19.6000003814697
20210418T143547;21.2000007629395
20210418T205355;20.2000007629395
20210420T233332;21.2000007629395
20210422T090506;20.2000007629395
20210424T140333;16.0
20210424T144911;17.2000007629395
20210424T151918;18.2000007629395
20210424T170522;19.2000007629395
20210425T223650;20.8999996185303
20210425T225147;19.7000007629395
20210427T092555;18.7000007629395
20210428T164411;20.2000007629395
20210428T171427;19.1000003814697
20210429T172807;20.2000007629395
20210429T175823;19.0
