SensorID;Time;Type;Unit
11_0;20210401T000000;TMP;C
20210401T144943;24.3999996185303
20210401T174858;23.3999996185303
20210402T181428;22.3999996185303
20210403T131133;23.5
20210404T042345;22.5
20210407T152529;23.5
20210408T020833;22.5
20210408T154151;23.5
20210410T042847;22.5
20210411T165006;23.5
20210413T052616;22.5
20210414T124846;23.5
20210415T125725;24.5
20210415T141159;25.5
20210415T165555;24.5
20210415T232359;23.5
20210417T122935;24.6000003814697
20210417T135901;25.6000003814697
20210417T182720;24.5
20210418T035423;23.5
20210418T120716;24.7000007629395
20210418T132149;25.7999992370605
20210418T191926;24.7999992370605
20210419T054618;23.7999992370605
20210420T132619;24.7999992370605
20210421T034616;23.7999992370605
20210422T152040;24.7999992370605
20210422T170454;23.7999992370605
20210427T050558;22.7999992370605
20210427T211747;23.7999992370605
20210428T063051;22.7999992370605
20210428T214215;23.7999992370605
20210429T061013;22.7999992370605
20210429T200629;23.7999992370605
20210430T091309;22.7999992370605
20210430T163102;23.8999996185303
