SensorID;Time;Type;Unit
7_0;20210801T000000;TMP;C
20210802T030937;23.2999992370605
20210802T092751;24.2999992370605
20210803T072429;23.2999992370605
20210804T100947;24.2999992370605
20210805T070555;23.2999992370605
20210825T085401;24.2999992370605
20210826T073637;23.2999992370605
20210830T183908;24.2999992370605
