SensorID;Time;Type;Unit
14_0;20210601T000000;TMP;C
20210605T154546;25.1000003814697
20210613T024557;24.1000003814697
20210619T133658;26.7000007629395
20210619T140720;25.5
20210619T155344;24.5
20210621T072522;23.5
20210623T015932;22.5
20210624T194948;23.5
