SensorID;Time;Type;Unit
7_0;20210801T000000;TMP;C
20210801T075544;24.1000003814697
20210803T222825;23.1000003814697
20210810T154620;24.3999996185303
20210811T033712;23.3999996185303
20210811T214626;24.5
20210814T035949;23.5
20210817T190345;20.5
20210817T193403;22.3999996185303
20210818T153006;23.5
20210819T045225;22.5
20210819T161341;23.6000003814697
20210819T224726;22.6000003814697
20210820T152656;23.7000007629395
20210820T184348;22.7000007629395
20210821T161145;23.7000007629395
20210822T021737;22.7000007629395
20210822T125917;23.7000007629395
20210822T133929;22.7000007629395
20210823T150944;23.8999996185303
20210824T105033;22.8999996185303
20210824T170912;23.8999996185303
20210825T193916;22.8999996185303
20210827T084728;21.8999996185303
20210827T101826;23.1000003814697
20210827T121943;22.1000003814697
20210828T161654;23.6000003814697
20210828T192325;22.6000003814697
20210829T162027;23.8999996185303
20210829T170058;24.8999996185303
20210829T173607;23.6000003814697
20210830T152352;24.6000003814697
20210830T210640;23.6000003814697
20210831T085743;22.6000003814697
20210831T115927;23.7999992370605
20210831T122943;22.7000007629395
20210831T210436;23.8999996185303
