SensorID;Time;Type;Unit
17_0;20210501T000000;TMP;C
20210501T000029;20.0
20210501T113704;19.0
20210502T001446;20.1000003814697
20210504T213827;19.1000003814697
20210506T111548;20.2999992370605
20210506T114605;19.2999992370605
20210508T114402;20.2999992370605
20210508T161632;21.2999992370605
20210508T204858;20.2999992370605
20210509T204728;19.2999992370605
20210510T023549;20.2999992370605
20210511T234428;21.2999992370605
20210529T115946;22.7000007629395
20210529T124508;21.2999992370605
20210529T125523;23.1000003814697
20210529T134536;24.3999996185303
20210529T163149;25.3999996185303
20210529T204843;24.3999996185303
20210529T233456;23.3999996185303
20210530T132614;24.3999996185303
20210530T145651;25.3999996185303
20210530T175805;24.3999996185303
20210531T174811;25.6000003814697
