SensorID;Time;Type;Unit
11_0;20210801T000000;TMP;C
20210802T092753;24.1000003814697
20210808T133648;25.1000003814697
20210809T084228;24.0
20210809T175307;25.0
20210812T211558;24.0
20210813T193523;25.0
20210814T112749;23.8999996185303
20210815T184314;24.8999996185303
20210819T120135;23.8999996185303
20210823T100626;24.8999996185303
20210826T214348;23.6000003814697
20210828T162607;24.6000003814697
20210830T132036;25.6000003814697
