SensorID;Time;Type;Unit
7_0;20210701T000000;TMP;C
20210702T165238;27.0
20210702T165239;27.0
20210702T165239;27.0
20210702T185319;28.0
20210702T185319;28.0
20210702T213911;27.0
20210702T213911;27.0
20210704T115433;26.0
20210704T164131;27.0
20210706T181420;28.0
20210706T194459;26.2000007629395
20210706T223055;25.1000003814697
20210707T023247;26.1000003814697
20210707T092049;24.8999996185303
20210707T154342;25.8999996185303
20210709T055331;24.8999996185303
20210709T105541;25.8999996185303
20210710T041749;24.8999996185303
20210713T083534;25.8999996185303
20210713T222605;24.8999996185303
20210715T162727;25.8999996185303
20210716T091843;24.8999996185303
20210716T170641;25.8999996185303
20210717T054130;24.8999996185303
20210717T163101;25.8999996185303
20210717T230320;24.8999996185303
20210718T004416;23.7999992370605
20210718T033533;22.6000003814697
20210718T100913;23.6000003814697
20210718T220007;24.6000003814697
20210718T220007;24.6000003814697
20210720T084503;25.6000003814697
20210720T131652;24.5
20210721T000647;23.3999996185303
20210721T000647;23.3999996185303
20210721T005211;22.2999992370605
20210721T013748;23.2999992370605
20210721T015246;22.1000003814697
20210721T022304;23.1000003814697
20210721T092705;24.1000003814697
20210722T075246;25.1000003814697
20210722T201252;26.1000003814697
20210722T201252;26.1000003814697
20210724T185603;27.2999992370605
20210727T165428;26.2999992370605
20210729T042357;25.2999992370605
20210730T040524;24.2999992370605
