SensorID;Time;Type;Unit
7_0;20210701T000000;TMP;C
20210701T040927;23.0
20210701T112823;24.2000007629395
20210701T131414;25.2000007629395
20210701T154540;24.1000003814697
20210702T174030;25.1000003814697
20210704T191212;26.1000003814697
20210705T215618;25.1000003814697
20210707T141739;26.1000003814697
20210707T173415;25.0
20210713T082739;26.0
20210717T174409;27.0
20210718T112236;26.0
20210718T171539;24.3999996185303
20210718T174545;23.1000003814697
20210718T201712;24.1000003814697
20210719T092406;25.1000003814697
20210724T131459;26.1000003814697
20210729T171211;25.1000003814697
