SensorID;Time;Type;Unit
26_0;20210801T000000;TMP;C
20210801T085637;23.6000003814697
20210801T162936;22.5
20210804T081026;23.5
20210811T094113;22.5
20210811T182936;23.5
20210811T220047;25.0
20210811T230105;23.8999996185303
20210813T220301;22.8999996185303
20210814T115338;24.7000007629395
20210814T132409;23.7000007629395
20210814T202645;22.7000007629395
20210815T014400;21.7000007629395
20210815T070107;22.7000007629395
20210815T193553;23.7999992370605
20210816T081050;22.7999992370605
20210816T201536;23.7999992370605
20210817T001718;22.7999992370605
20210817T060432;21.7999992370605
20210819T183207;22.7999992370605
20210819T190220;23.7999992370605
20210819T200246;22.7999992370605
20210820T110928;21.7999992370605
20210821T135048;22.8999996185303
20210821T142100;23.8999996185303
20210821T192259;22.8999996185303
20210822T031121;21.8999996185303
20210822T163657;22.8999996185303
20210822T170157;24.0
20210822T174724;22.8999996185303
20210823T063718;21.8999996185303
20210823T175730;24.1000003814697
20210823T185751;25.1000003814697
20210823T194306;24.0
20210823T212849;23.0
20210824T173618;24.3999996185303
20210824T173619;24.3999996185303
20210824T230803;23.3999996185303
20210825T084115;22.3999996185303
20210826T095008;21.3999996185303
20210826T192325;22.3999996185303
20210826T193830;23.8999996185303
20210826T202356;22.7000007629395
20210827T111502;21.7000007629395
20210828T025642;23.1000003814697
20210828T030636;24.2000007629395
20210828T032141;25.2999992370605
20210828T035150;26.7000007629395
20210828T043701;28.0
20210828T045204;26.5
20210828T053716;25.1000003814697
20210828T063736;24.1000003814697
20210828T195700;23.1000003814697
20210829T073123;22.1000003814697
20210829T205148;23.1000003814697
20210829T233751;24.1000003814697
20210830T002308;23.1000003814697
20210831T090440;22.1000003814697
20210831T193904;23.1000003814697
20210831T210942;24.7999992370605
20210831T231029;23.7999992370605
