SensorID;Time;Type;Unit
14_0;20210701T000000;TMP;C
20210703T130617;24.6000003814697
20210704T134001;25.6000003814697
20210708T080013;24.6000003814697
20210717T183740;25.6000003814697
20210719T082119;24.6000003814697
20210725T190910;25.6000003814697
20210729T151444;24.6000003814697
