SensorID;Time;Type;Unit
10_0;20210301T000000;TMP;C
20210301T010047;25.6000003814697
20210301T110458;26.6000003814697
20210301T214357;25.3999996185303
20210302T125738;26.3999996185303
20210302T205645;25.3999996185303
20210304T002441;24.3999996185303
20210304T100923;25.3999996185303
20210304T113911;26.5
20210304T133856;27.5
20210304T163833;26.3999996185303
20210304T202304;25.3999996185303
20210305T105149;26.7000007629395
20210318T093636;25.8999996185303
20210318T200518;27.0
20210318T212011;25.8999996185303
20210319T153308;24.8999996185303
20210320T153111;25.8999996185303
20210320T183048;24.8999996185303
20210321T161413;26.0
20210321T211345;25.0
20210322T005843;24.0
20210322T072835;25.1000003814697
20210322T102821;26.1000003814697
20210322T194240;25.1000003814697
20210322T232723;26.1000003814697
20210323T014211;25.1000003814697
20210323T084141;26.1000003814697
20210323T135610;27.1000003814697
20210323T174045;26.1000003814697
20210323T194035;25.0
20210323T215526;26.0
20210324T002512;25.0
20210324T035455;24.0
20210324T100935;25.0
20210324T132419;26.0
20210324T163858;24.8999996185303
20210324T195341;25.8999996185303
20210324T233822;24.8999996185303
20210325T110735;25.8999996185303
