SensorID;Time;Type;Unit
28_0;20210401T000000;TMP;C
20210403T125654;19.0
20210403T131205;17.0
20210403T134229;18.3999996185303
20210403T142802;17.2999992370605
20210403T152848;20.3999996185303
20210403T154911;21.3999996185303
20210403T155908;22.3999996185303
20210403T164437;21.1000003814697
20210405T203331;20.1000003814697
20210412T181413;21.1000003814697
20210412T184929;20.1000003814697
20210412T191952;21.2000007629395
20210412T200522;22.7000007629395
20210412T203553;21.2999992370605
20210412T205054;22.3999996185303
20210412T212114;21.2999992370605
20210412T213624;22.3999996185303
20210412T220645;21.2999992370605
20210413T022449;20.2999992370605
20210417T144429;21.3999996185303
20210417T151448;22.3999996185303
20210417T170051;21.2999992370605
20210418T020705;22.8999996185303
20210418T023724;21.7000007629395
20210418T025234;22.8999996185303
20210418T033801;21.7000007629395
20210418T035310;23.0
20210418T043838;21.7999992370605
20210418T045347;23.1000003814697
20210418T053915;21.8999996185303
20210418T055424;23.1000003814697
20210418T062955;22.1000003814697
20210418T095656;21.1000003814697
20210418T101205;22.5
20210418T111254;21.5
20210418T112755;22.8999996185303
20210418T121324;21.8999996185303
20210418T122834;23.2999992370605
20210418T131403;22.2000007629395
20210418T210424;21.2000007629395
20210426T131539;20.2000007629395
20210426T190437;21.2000007629395
20210427T072758;20.2000007629395
