SensorID;Time;Type;Unit
28_0;20210901T000000;TMP;C
20210906T092136;24.1000003814697
20210908T160932;25.2000007629395
20210908T165457;26.6000003814697
20210908T172523;25.3999996185303
20210908T194135;24.3999996185303
20210909T153823;25.3999996185303
20210910T163802;26.3999996185303
20210911T074635;25.3999996185303
20210912T001103;26.3999996185303
20210913T025555;25.3999996185303
20210914T200253;24.3999996185303
20210917T050443;23.3999996185303
20210917T154112;24.5
20210917T171207;23.5
20210917T180755;22.5
20210918T131001;23.5
20210918T192907;22.5
20210918T210005;23.5
20210919T013259;22.5
20210919T112427;23.6000003814697
20210920T063642;22.6000003814697
20210921T192301;22.2000007629395
20210925T230839;23.7999992370605
20210926T012509;22.7999992370605
20210926T014018;24.2999992370605
20210926T031112;25.5
20210926T101513;26.5
20210926T103022;25.3999996185303
20210926T104530;26.5
20210926T111547;25.1000003814697
20210926T113056;26.3999996185303
20210926T120113;25.0
20210926T121621;26.2999992370605
20210926T123826;25.2999992370605
20210926T130148;26.2999992370605
20210926T133205;25.2999992370605
20210926T134713;26.5
20210926T141730;25.2999992370605
20210926T151807;24.2999992370605
20210926T202118;23.2999992370605
20210927T151847;22.2999992370605
20210929T060058;23.8999996185303
20210929T074704;22.7999992370605
