SensorID;Time;Type;Unit
11_0;20210901T000000;TMP;C
20210904T110319;24.6000003814697
20210904T195903;25.7000007629395
20210905T054908;24.7000007629395
20210908T172833;25.7000007629395
20210908T195714;24.7000007629395
20210909T173109;25.7000007629395
20210910T223046;24.7000007629395
20210911T224813;25.7000007629395
20210912T134001;24.7000007629395
20210912T233458;23.7000007629395
