SensorID;Time;Type;Unit
13_0;20210801T000000;TMP;C
20210801T021703;24.2999992370605
20210802T060023;23.2999992370605
20210802T083529;24.2999992370605
20210803T044454;23.2999992370605
20210804T094416;24.2999992370605
20210805T024333;23.2999992370605
20210812T171637;24.2999992370605
20210814T034249;23.2999992370605
20210814T095706;24.3999996185303
20210814T124147;23.3999996185303
20210817T105201;24.3999996185303
20210817T135152;23.3999996185303
20210818T090550;24.5
20210818T143515;23.5
20210821T073042;22.5
20210821T103033;23.5
20210822T061350;22.5
20210822T085826;23.5
20210823T101034;24.6000003814697
20210823T132510;23.6000003814697
20210824T104827;24.6000003814697
20210824T185747;23.6000003814697
20210825T085630;24.7000007629395
20210825T102106;25.7000007629395
20210825T102106;25.7000007629395
20210825T122045;24.7000007629395
20210826T010431;23.7000007629395
20210826T201834;22.7000007629395
20210828T101742;23.7999992370605
20210828T150237;22.7999992370605
20210829T091641;23.7999992370605
20210829T105136;24.7999992370605
20210829T124606;23.7999992370605
20210830T091324;24.7999992370605
20210831T044519;23.7999992370605
20210831T092434;25.2000007629395
20210831T100915;26.2000007629395
20210831T123839;25.2000007629395
