SensorID;Time;Type;Unit
25_0;20210801T000000;TMP;C
20210801T080007;25.7999992370605
20210801T080007;25.7999992370605
20210801T080008;25.7999992370605
20210801T080008;25.7999992370605
20210802T101149;24.7999992370605
20210802T101149;24.7999992370605
20210802T101150;24.7999992370605
20210802T101150;24.7999992370605
20210804T105217;25.8999996185303
20210804T105217;25.8999996185303
20210804T105218;25.8999996185303
20210805T203341;24.8999996185303
20210805T203341;24.8999996185303
20210805T203342;24.8999996185303
20210805T203342;24.8999996185303
20210811T120154;25.8999996185303
20210811T120154;25.8999996185303
20210811T120154;25.8999996185303
20210811T120154;25.8999996185303
20210817T061309;24.8999996185303
20210824T145208;25.8999996185303
20210824T145208;25.8999996185303
20210827T053419;24.8999996185303
20210827T123633;26.0
20210827T142110;25.0
20210827T142110;25.0
20210827T142111;25.0
20210827T142111;25.0
20210830T122300;26.2000007629395
20210830T122300;26.2000007629395
20210830T122300;26.2000007629395
20210830T122300;26.2000007629395
