SensorID;Time;Type;Unit
9_0;20210501T000000;TMP;C
20210502T132049;24.2000007629395
20210502T135109;25.2000007629395
20210503T191101;26.2000007629395
20210504T095020;25.2000007629395
20210504T182547;26.2999992370605
20210505T014513;25.2999992370605
20210505T113157;24.2000007629395
20210505T175609;25.2999992370605
20210506T115323;24.2000007629395
20210508T135636;25.2000007629395
20210514T171259;26.2000007629395
20210515T230105;25.1000003814697
20210524T135223;24.0
20210524T160856;25.1000003814697
20210524T192601;26.2000007629395
20210525T091915;25.2000007629395
20210528T130625;26.2999992370605
20210528T145226;27.2999992370605
20210528T183937;26.2999992370605
20210529T060623;25.2999992370605
20210529T182321;26.2999992370605
20210530T124401;27.2999992370605
20210530T143448;28.2999992370605
20210530T180639;27.2000007629395
