SensorID;Time;Type;Unit
10_0;20210801T000000;TMP;C
20210802T033210;24.5
20210802T190957;25.5
20210804T135513;23.3999996185303
20210804T144534;22.0
20210804T150044;23.3999996185303
20210804T154606;24.6000003814697
20210804T174702;25.6000003814697
20210804T201814;24.3999996185303
20210804T223424;25.5
20210805T192948;26.5
20210806T022310;25.5
20210807T162041;24.3999996185303
20210807T232403;25.3999996185303
20210809T195924;24.3999996185303
20210810T000117;25.3999996185303
20210810T140809;26.3999996185303
20210812T203206;25.3999996185303
20210814T124912;21.8999996185303
20210814T130422;20.5
20210814T131932;22.2999992370605
20210814T133441;23.6000003814697
20210814T140455;24.8999996185303
20210814T153535;25.8999996185303
20210814T163603;24.6000003814697
20210814T200728;25.6000003814697
20210815T025449;24.6000003814697
20210815T104254;25.7999992370605
20210815T112811;22.8999996185303
20210815T114319;21.7999992370605
20210815T121335;20.7000007629395
20210815T135936;22.2999992370605
20210815T142501;23.2999992370605
20210815T154535;24.3999996185303
20210815T193228;25.3999996185303
20210817T105100;26.7999992370605
20210817T120634;25.7999992370605
20210822T153320;26.7999992370605
20210823T042358;25.7999992370605
20210823T181529;26.7999992370605
20210824T072043;25.7999992370605
20210829T131555;27.0
20210829T160157;28.0
20210829T211914;27.0
20210830T175825;28.1000003814697
20210830T220001;27.1000003814697
