SensorID;Time;Type;Unit
9_0;20210203T115334;TMP;C
20210208T163045;24.3999996185303
20210209T074206;23.2999992370605
20210220T215344;22.2999992370605
20210222T120736;23.5
20210226T134349;24.5
20210226T233516;23.5
20210227T160117;24.7999992370605
20210228T054021;23.7999992370605
20210228T124518;24.8999996185303
