SensorID;Time;Type;Unit
13_0;20210203T120020;TMP;C
20210203T160102;20.5
20210204T021106;19.5
20210204T164130;20.6000003814697
20210204T231308;19.6000003814697
20210205T172202;20.7000007629395
20210206T045334;19.7000007629395
20210206T144328;21.2000007629395
20210206T181658;20.1000003814697
20210207T094735;19.0
20210207T101807;20.0
20210207T111903;21.0
20210207T145232;22.0
20210207T194214;21.0
20210208T021832;20.0
20210210T172423;21.1000003814697
20210211T001612;20.1000003814697
20210211T052136;19.1000003814697
20210211T143128;20.1000003814697
20210212T071904;19.1000003814697
20210212T174512;20.1000003814697
20210213T074402;19.0
20210213T112309;20.0
20210213T134534;21.2000007629395
20210213T175432;20.2000007629395
20210214T075351;19.2000007629395
20210214T114302;20.2999992370605
20210215T041522;19.2999992370605
20210215T203321;20.2999992370605
20210216T013833;19.2999992370605
20210216T181114;20.2999992370605
20210217T055321;19.2999992370605
20210217T164945;20.3999996185303
20210218T060300;19.3999996185303
20210218T180034;20.3999996185303
20210220T080937;19.3999996185303
20210220T124415;20.3999996185303
20210220T144616;21.7000007629395
20210221T061622;20.6000003814697
20210222T215657;21.6000003814697
20210223T013018;20.6000003814697
20210226T071843;19.6000003814697
20210226T135537;20.7000007629395
20210228T115535;21.7000007629395
20210228T135725;22.7000007629395
