SensorID;Time;Type;Unit
25_0;20210203T115912;TMP;C
20210203T120423;23
20210204T061919;22.0
20210204T061919;22.0
20210204T140413;24.1000003814697
20210204T140413;24.1000003814697
20210204T140413;24.1000003814697
20210204T140413;24.1000003814697
20210204T154904;23.1000003814697
20210204T184855;24.7000007629395
20210204T201845;23.7000007629395
20210205T021828;22.7000007629395
20210206T105044;24.2000007629395
20210206T105044;24.2000007629395
20210206T105044;24.2000007629395
20210206T105045;24.2000007629395
20210206T120310;23.2000007629395
20210217T092902;22.2000007629395
20210217T092902;22.2000007629395
20210217T092902;22.2000007629395
20210217T092902;22.2000007629395
20210217T092903;22.2000007629395
20210217T131401;23.7000007629395
20210217T144359;22.7000007629395
20210217T194356;23.7999992370605
20210217T212851;22.7999992370605
20210218T124354;23.7999992370605
20210218T135851;22.7999992370605
20210218T135851;22.7999992370605
20210218T135852;22.7999992370605
20210218T135852;22.7999992370605
20210218T135852;22.7999992370605
20210222T122849;23.8999996185303
20210222T161338;22.8999996185303
20210223T114301;23.8999996185303
20210224T041233;22.8999996185303
20210224T105721;24.2000007629395
20210224T125923;23.2000007629395
20210225T094153;24.2000007629395
20210226T075626;23.2000007629395
20210226T115623;24.6000003814697
20210226T115623;24.6000003814697
20210226T115623;24.6000003814697
20210226T115624;24.6000003814697
