SensorID;Time;Type;Unit
11_0;20210501T000000;TMP;C
20210501T213032;20.2000007629395
20210502T073836;19.2000007629395
20210502T122727;20.2000007629395
20210506T224552;21.2000007629395
20210507T083754;20.2000007629395
20210510T193816;21.2000007629395
20210513T165602;22.2000007629395
20210521T144606;23.2999992370605
20210525T061156;22.2999992370605
20210528T160521;23.5
20210529T065954;22.5
20210529T165134;23.5
20210530T221110;24.5
