SensorID;Time;Type;Unit
13_0;20210801T000000;TMP;C
20210802T073928;24.0
20210805T171053;25.1000003814697
20210806T033313;24.1000003814697
