SensorID;Time;Type;Unit
13_0;20210601T000000;TMP;C
20210605T205852;26.1000003814697
20210609T074809;25.1000003814697
20210613T041514;24.1000003814697
20210618T193750;25.1000003814697
20210620T065019;24.1000003814697
20210622T012349;23.1000003814697
20210624T203442;24.1000003814697
