SensorID;Time;Type;Unit
7_0;20211101T000000;TMP;C
20211102T182008;22.2999992370605
20211102T222154;21.2999992370605
20211103T171620;22.3999996185303
20211103T221845;21.3999996185303
20211104T082334;20.3999996185303
20211104T174337;21.5
20211104T184410;20.5
20211104T230134;21.6000003814697
20211105T064958;20.1000003814697
20211105T140847;21.2000007629395
20211105T152935;22.2000007629395
20211105T214238;21.1000003814697
20211106T034603;20.1000003814697
20211106T183411;21.3999996185303
20211106T192426;20.2999992370605
20211106T202457;21.5
20211106T215541;20.5
20211107T004211;19.5
20211107T083146;18.5
20211107T111824;20.3999996185303
20211107T120345;21.7999992370605
20211107T134931;22.7999992370605
20211107T203742;21.7000007629395
20211107T213823;20.7000007629395
20211108T102951;19.7000007629395
20211108T153241;20.7000007629395
20211108T160255;22.1000003814697
20211108T212047;21.0
20211109T000725;20.0
20211109T173216;21.2999992370605
20211110T060817;20.2999992370605
20211113T004613;19.2999992370605
20211116T142130;20.7000007629395
20211116T160723;21.7000007629395
20211116T210959;20.6000003814697
20211118T131247;19.6000003814697
20211119T161739;21.1000003814697
20211120T184648;20.1000003814697
20211121T112608;21.1000003814697
20211121T125648;22.1000003814697
20211121T204449;21.1000003814697
20211122T070421;20.1000003814697
20211123T121857;21.2000007629395
20211123T133431;22.2000007629395
20211123T153532;21.2000007629395
20211123T163552;20.2000007629395
