SensorID;Time;Type;Unit
9_0;20210801T000000;TMP;C
20210801T062859;24.8999996185303
20210801T173119;26.3999996185303
20210801T194647;25.3999996185303
20210802T050359;24.3999996185303
20210803T141226;23.2999992370605
20210804T205141;24.2999992370605
20210808T193117;25.2999992370605
20210809T175122;24.2999992370605
20210809T220721;25.2999992370605
20210810T023833;24.2999992370605
20210810T141057;25.6000003814697
20210810T194155;24.6000003814697
20210810T205711;28.0
20210810T211211;30.0
20210810T212220;31.2000007629395
20210810T214208;29.7999992370605
20210810T221209;28.6000003814697
20210810T222709;27.2999992370605
20210810T225713;26.2999992370605
20210811T002724;25.2999992370605
20210811T213138;29.1000003814697
20210811T214638;31.2999992370605
20210811T220137;32.4000015258789
20210811T221636;30.2000007629395
20210811T223136;28.7000007629395
20210811T224636;27.7000007629395
20210811T231640;26.6000003814697
20210812T003152;25.6000003814697
20210812T131938;24.6000003814697
20210813T201050;23.6000003814697
20210814T204754;24.6000003814697
20210814T214807;27.7000007629395
20210814T223322;26.5
20210814T230317;25.0
20210815T005355;24.0
20210815T175319;25.0
20210815T212403;26.6000003814697
20210815T223912;25.2999992370605
20210816T000928;24.2999992370605
20210817T180247;25.2999992370605
20210817T191802;24.2000007629395
20210817T210327;26.0
20210817T211829;27.1000003814697
20210817T214831;28.1000003814697
20210817T221832;26.5
20210817T224837;25.3999996185303
20210818T020417;24.3999996185303
20210818T172251;25.3999996185303
20210819T025432;24.3999996185303
20210819T171206;25.5
20210820T004327;24.5
20210820T091539;23.5
20210820T153229;24.5
20210822T125810;25.6000003814697
20210822T192935;24.6000003814697
20210822T204450;25.6000003814697
20210823T074651;24.6000003814697
20210823T144823;25.6000003814697
20210823T215951;26.6000003814697
20210823T223443;27.6000003814697
20210823T233447;26.5
20210824T003457;25.5
20210824T203826;28.1000003814697
20210824T205325;29.2000007629395
20210824T220822;27.5
20210824T223825;26.5
20210824T235335;25.5
20210826T075908;24.5
20210827T130519;23.5
