SensorID;Time;Type;Unit
9_0;20211201T000000;TMP;C
20211203T050046;19.5
20211203T234759;20.5
20211204T061856;19.5
20211204T114930;20.6000003814697
20211204T225020;21.6000003814697
20211205T005023;20.6000003814697
20211205T180606;19.6000003814697
20211205T202116;20.7000007629395
20211206T050649;19.7000007629395
20211206T130734;20.7000007629395
20211207T053906;19.7000007629395
20211207T090924;20.7000007629395
20211208T045541;19.7000007629395
20211208T104106;20.7000007629395
20211209T025934;19.7000007629395
20211212T150452;20.7000007629395
20211215T220400;21.8999996185303
20211219T123305;22.8999996185303
20211221T213228;21.8999996185303
