SensorID;Time;Type;Unit
11_0;20210203T115334;TMP;C
20210203T174202;21.2999992370605
20210203T191155;22.2999992370605
20210206T122215;23.2999992370605
20210206T231127;22.2999992370605
20210209T133129;23.2999992370605
20210209T160107;22.1000003814697
20210210T105904;23.1000003814697
20210211T012722;22.1000003814697
20210211T112629;23.1000003814697
20210211T231000;22.1000003814697
20210212T173733;23.2000007629395
20210213T000634;22.2000007629395
20210213T102033;23.2000007629395
20210214T051715;22.2000007629395
20210214T104620;23.2000007629395
20210214T234402;22.2000007629395
20210225T130711;23.2000007629395
20210226T131732;24.2999992370605
20210226T223029;23.2999992370605
20210228T120831;24.2999992370605
20210228T132310;25.2999992370605
20210228T160721;24.2999992370605
