SensorID;Time;Type;Unit
9_0;20210401T000000;TMP;C
20210412T073436;22.2999992370605
20210414T160858;23.2999992370605
20210418T155509;24.2999992370605
20210426T082337;23.2999992370605
