SensorID;Time;Type;Unit
9_0;20210301T000000;TMP;C
20210311T042642;22.2999992370605
20210315T123802;23.2999992370605
