SensorID;Time;Type;Unit
7_0;20210801T000000;TMP;C
20210801T042716;23.8999996185303
20210801T140206;22.8999996185303
20210803T181124;23.8999996185303
20210804T020025;22.8999996185303
20210806T184634;23.8999996185303
20210808T040059;22.8999996185303
20210808T150617;23.8999996185303
20210810T204455;24.8999996185303
20210816T050532;23.8999996185303
20210817T051731;22.8999996185303
20210817T212441;24.0
20210817T231019;23.0
20210819T213109;24.0
20210820T003218;23.0
20210822T074420;22.0
20210822T154801;23.2000007629395
20210823T074050;22.2000007629395
20210823T115753;23.2999992370605
20210824T182728;24.2999992370605
20210825T104954;23.2000007629395
20210826T005709;22.2000007629395
20210826T081604;21.2000007629395
20210827T150335;22.2000007629395
20210828T023928;21.2000007629395
20210828T223509;22.6000003814697
20210829T172944;23.6000003814697
20210829T172944;23.6000003814697
20210830T014906;22.6000003814697
20210830T162714;23.8999996185303
20210831T024719;22.8999996185303
20210831T184026;24.1000003814697
