SensorID;Time;Type;Unit
25_0;20210501T000000;TMP;C
20210502T212403;25.7000007629395
20210505T173130;24.7000007629395
20210505T173130;24.7000007629395
20210505T173130;24.7000007629395
20210505T173130;24.7000007629395
20210510T140723;25.8999996185303
20210510T162208;24.8999996185303
20210510T162209;24.8999996185303
20210510T162209;24.8999996185303
20210510T162209;24.8999996185303
20210516T215401;26.1000003814697
20210517T090810;25.1000003814697
20210518T120557;26.3999996185303
20210518T140745;25.3999996185303
20210530T194827;26.3999996185303
