SensorID;Time;Type;Unit
9_0;20210701T000000;TMP;C
20210702T151329;26.2999992370605
20210704T152546;27.3999996185303
20210705T002541;26.3999996185303
20210707T011207;25.3999996185303
20210713T132551;26.3999996185303
20210715T135331;27.5
20210715T225811;26.3999996185303
20210716T115036;27.3999996185303
20210717T032853;26.3999996185303
20210717T135444;27.3999996185303
20210718T191918;26.2999992370605
20210720T052957;25.2999992370605
20210720T105816;26.2999992370605
20210720T125929;27.2999992370605
20210720T235020;26.2999992370605
20210724T160950;27.2999992370605
20210727T072434;26.2999992370605
20210728T023450;24.8999996185303
20210728T111452;25.8999996185303
20210729T021746;24.8999996185303
20210729T143922;26.0
20210730T001416;25.0
20210730T040123;24.0
20210730T130636;25.0
