SensorID;Time;Type;Unit
14_0;20210203T120020;TMP;C
20210203T223516;20.8999996185303
20210203T235130;19.8999996185303
20210207T154900;21.0
20210207T162950;19.8999996185303
20210210T173239;21.0
20210210T191427;20.0
20210210T235355;19.0
20210211T165628;20.0
20210212T030615;18.8999996185303
20210212T175113;19.8999996185303
20210213T200244;18.8999996185303
20210213T211900;20.0
20210214T023904;19.0
20210214T121416;20.0
20210214T221353;18.8999996185303
20210215T192043;19.8999996185303
20210220T144643;20.8999996185303
20210221T020217;19.8999996185303
20210221T171150;20.8999996185303
20210221T234818;19.8999996185303
20210222T200745;20.8999996185303
20210223T091951;19.8999996185303
20210223T161136;21.0
20210224T042306;20.0
20210226T062836;19.0
20210226T145211;20.1000003814697
20210228T122222;21.1000003814697
20210228T135346;22.1000003814697
