SensorID;Time;Type;Unit
26_0;20210901T000000;TMP;C
20210901T082853;22.7999992370605
20210901T214932;24.2000007629395
20210902T050228;23.2000007629395
20210902T172712;24.6000003814697
20210902T175733;25.6000003814697
20210902T194300;24.6000003814697
20210903T021039;23.6000003814697
20210903T142047;22.6000003814697
20210904T035710;21.6000003814697
20210904T084438;22.8999996185303
20210904T085936;24.0
20210904T092949;25.0
20210904T092950;25.0
20210904T092950;25.0
20210904T095510;23.7000007629395
20210904T101507;24.7999992370605
20210904T104517;23.6000003814697
20210904T232030;22.6000003814697
20210905T013631;23.6000003814697
20210906T011451;22.6000003814697
20210907T185235;23.6000003814697
20210908T034519;22.6000003814697
20210908T150437;23.8999996185303
20210909T204429;25.0
20210910T081835;24.0
20210913T031046;22.8999996185303
20210914T143913;24.0
20210915T081435;23.0
20210916T210649;22.0
20210918T025308;21.0
20210919T202546;22.8999996185303
20210919T204052;23.8999996185303
20210919T211103;22.5
20210920T001728;21.5
20210920T105147;20.5
20210921T191457;21.5
20210921T193002;23.2999992370605
20210921T194517;24.2999992370605
20210921T204523;23.0
20210921T214543;22.0
20210922T081912;21.0
20210922T152142;22.2000007629395
20210922T175230;21.2000007629395
20210924T194218;22.5
20210924T195724;23.8999996185303
20210924T201229;24.8999996185303
20210924T204238;23.8999996185303
20210924T211248;22.7000007629395
20210924T224322;21.7000007629395
20210925T222304;24.1000003814697
20210925T223800;25.2999992370605
20210925T230810;24.0
20210925T233330;23.0
20210926T015425;22.0
20210926T121335;23.5
20210926T122851;25.0
20210926T124346;23.8999996185303
20210926T125851;25.2999992370605
20210926T131356;24.2000007629395
20210926T135913;23.0
20210926T154451;22.0
20210926T214722;23.7999992370605
20210926T220227;25.0
20210926T221733;24.0
20210926T223238;25.2000007629395
20210926T224743;24.2000007629395
20210926T230259;25.5
20210926T231754;24.3999996185303
20210926T234805;23.2999992370605
20210927T033429;22.2999992370605
20210927T130833;21.2999992370605
20210927T191055;22.7999992370605
20210928T001242;24.2000007629395
20210928T004249;23.0
20210928T032831;22.0
20210928T223450;23.0
20210929T080817;22.0
20210929T192716;24.0
20210929T194220;25.2000007629395
20210929T202733;24.2000007629395
20210929T205743;23.2000007629395
20210929T205743;23.2000007629395
20210930T074641;22.2000007629395
