SensorID;Time;Type;Unit
11_0;20210301T000000;TMP;C
20210301T002029;23.2999992370605
20210317T080820;22.2999992370605
20210317T105251;23.2999992370605
20210318T064938;22.2999992370605
20210319T112946;23.3999996185303
20210320T015241;22.3999996185303
20210320T212442;23.3999996185303
20210321T020855;22.3999996185303
20210322T140349;23.3999996185303
20210323T031132;22.3999996185303
20210324T114125;23.3999996185303
20210327T015943;22.3999996185303
20210327T131312;23.3999996185303
20210328T083956;22.3999996185303
20210330T134529;23.3999996185303
