SensorID;Time;Type;Unit
10_0;20211001T000000;TMP;C
20211002T112216;26.2999992370605
20211003T001306;25.2999992370605
20211003T074703;24.2999992370605
20211005T031013;23.2999992370605
20211005T031013;23.2999992370605
20211011T124952;24.2999992370605
20211011T124952;24.2999992370605
20211012T004045;23.2999992370605
20211012T141838;24.3999996185303
20211013T015430;23.3999996185303
20211014T045957;22.3999996185303
20211014T052502;24.2999992370605
20211014T055517;23.2000007629395
20211017T131253;24.2000007629395
20211018T011915;23.2000007629395
20211018T213106;24.8999996185303
20211018T231714;23.8999996185303
20211018T233213;24.8999996185303
20211019T010308;23.7999992370605
20211019T011817;25.0
20211019T020344;23.8999996185303
20211019T021853;25.1000003814697
20211019T031931;23.8999996185303
20211019T033440;24.8999996185303
20211019T045025;23.8999996185303
20211019T050534;25.1000003814697
20211019T053552;24.1000003814697
20211019T171201;22.7999992370605
20211020T004638;24.7999992370605
20211020T014709;23.7000007629395
20211020T080604;22.7000007629395
20211020T082113;24.0
20211020T085131;23.0
20211021T050357;22.0
20211021T123354;23.1000003814697
20211021T140937;24.1000003814697
20211021T234443;23.0
20211022T150847;24.0
20211023T024531;23.0
20211023T120620;21.0
20211023T132213;22.7000007629395
20211023T135231;24.3999996185303
20211023T222720;23.3999996185303
20211024T064730;22.3999996185303
20211024T110513;23.3999996185303
20211026T132038;24.3999996185303
20211027T012717;23.3999996185303
20211027T134955;24.3999996185303
20211027T150530;25.3999996185303
20211027T192244;24.3999996185303
20211028T035706;23.3999996185303
20211030T131833;24.3999996185303
20211031T042133;23.3999996185303
20211031T134137;24.5
